PID,UID
0,617
1,641
2,25
3,140
4,737
5,99
6,737
7,709
8,380
9,676
10,557
11,36
12,854
13,537
14,95
15,414
16,737
17,944
18,103
19,801
20,8
21,940
22,912
23,641
24,194
25,243
26,157
27,916
28,494
29,1
30,646
31,412
32,660
33,728
34,530
35,908
36,179
37,578
38,361
39,520
40,295
41,147
42,375
43,229
44,517
45,937
46,785
47,816
48,462
49,481
50,10
51,240
52,993
53,341
54,998
55,866
56,300
57,392
58,51
59,696
60,218
61,382
62,9
63,503
64,364
65,457
66,707
67,847
68,530
69,851
70,290
71,163
72,73
73,562
74,550
75,420
76,131
77,475
78,855
79,916
80,645
81,921
82,498
83,968
84,51
85,835
86,9
87,247
88,277
89,414
90,218
91,649
92,945
93,926
94,912
95,27
96,786
97,912
98,659
99,21
100,997
101,282
102,798
103,737
104,283
105,162
106,159
107,803
108,1
109,903
110,470
111,652
112,55
113,136
114,232
115,277
116,306
117,649
118,221
119,838
120,959
121,706
122,629
123,100
124,657
125,208
126,700
127,38
128,863
129,366
130,1
131,303
132,560
133,248
134,814
135,78
136,796
137,175
138,862
139,792
140,305
141,624
142,494
143,496
144,947
145,490
146,492
147,858
148,628
149,129
150,841
151,22
152,724
153,315
154,735
155,330
156,180
157,270
158,284
159,572
160,52
161,509
162,7
163,416
164,703
165,70
166,446
167,749
168,208
169,119
170,93
171,807
172,260
173,6
174,440
175,927
176,194
177,619
178,378
179,875
180,510
181,366
182,211
183,226
184,547
185,123
186,491
187,150
188,222
189,981
190,753
191,419
192,858
193,395
194,134
195,467
196,821
197,265
198,94
199,428
200,630
201,45
202,104
203,38
204,860
205,738
206,156
207,332
208,730
209,134
210,565
211,161
212,517
213,425
214,727
215,251
216,397
217,73
218,150
219,968
220,348
221,332
222,598
223,897
224,279
225,900
226,501
227,99
228,949
229,623
230,760
231,726
232,129
233,272
234,660
235,970
236,128
237,596
238,865
239,549
240,950
241,532
242,265
243,698
244,729
245,156
246,466
247,352
248,672
249,118
250,68
251,306
252,151
253,852
254,789
255,978
256,989
257,287
258,570
259,578
260,398
261,219
262,613
263,220
264,381
265,515
266,508
267,993
268,0
269,72
270,631
271,107
272,667
273,786
274,15
275,224
276,326
277,236
278,866
279,238
280,404
281,981
282,12
283,293
284,812
285,853
286,952
287,212
288,204
289,442
290,82
291,943
292,181
293,24
294,910
295,13
296,882
297,416
298,415
299,624
300,625
301,876
302,546
303,846
304,159
305,743
306,502
307,35
308,117
309,409
310,954
311,456
312,160
313,172
314,480
315,948
316,847
317,581
318,230
319,819
320,25
321,291
322,805
323,420
324,143
325,284
326,565
327,393
328,173
329,917
330,146
331,39
332,820
333,343
334,232
335,824
336,149
337,951
338,373
339,932
340,825
341,980
342,742
343,654
344,908
345,660
346,441
347,790
348,120
349,791
350,600
351,416
352,434
353,882
354,563
355,979
356,38
357,911
358,563
359,999
360,175
361,830
362,830
363,442
364,823
365,611
366,254
367,243
368,983
369,759
370,756
371,908
372,24
373,590
374,663
375,393
376,150
377,985
378,961
379,839
380,613
381,961
382,653
383,468
384,805
385,907
386,349
387,378
388,981
389,775
390,270
391,371
392,137
393,43
394,403
395,126
396,897
397,619
398,17
399,537
400,783
401,407
402,578
403,855
404,677
405,469
406,259
407,848
408,984
409,555
410,7
411,756
412,267
413,161
414,883
415,684
416,407
417,608
418,823
419,129
420,649
421,917
422,493
423,403
424,799
425,31
426,748
427,202
428,192
429,514
430,352
431,617
432,369
433,753
434,518
435,760
436,427
437,709
438,788
439,632
440,772
441,323
442,788
443,229
444,797
445,737
446,965
447,463
448,515
449,904
450,900
451,191
452,848
453,919
454,357
455,282
456,692
457,882
458,936
459,561
460,391
461,654
462,80
463,295
464,955
465,453
466,364
467,456
468,597
469,260
470,465
471,780
472,861
473,135
474,978
475,10
476,33
477,33
478,948
479,767
480,367
481,780
482,33
483,744
484,44
485,805
486,598
487,705
488,68
489,233
490,468
491,658
492,204
493,365
494,332
495,176
496,669
497,818
498,854
499,61
500,950
501,269
502,869
503,851
504,853
505,148
506,596
507,349
508,274
509,599
510,322
511,233
512,489
513,33
514,199
515,765
516,501
517,293
518,530
519,264
520,872
521,246
522,783
523,330
524,776
525,571
526,580
527,523
528,10
529,750
530,181
531,958
532,300
533,437
534,249
535,654
536,40
537,731
538,661
539,909
540,241
541,216
542,455
543,381
544,353
545,668
546,793
547,878
548,939
549,598
550,241
551,4
552,27
553,193
554,201
555,629
556,731
557,715
558,677
559,773
560,588
561,60
562,274
563,257
564,533
565,330
566,311
567,912
568,475
569,628
570,914
571,900
572,412
573,895
574,288
575,73
576,723
577,860
578,288
579,541
580,515
581,56
582,468
583,143
584,824
585,861
586,398
587,41
588,72
589,839
590,921
591,358
592,111
593,870
594,929
595,212
596,179
597,919
598,814
599,661
600,0
601,615
602,668
603,215
604,561
605,570
606,353
607,654
608,989
609,160
610,190
611,124
612,663
613,475
614,257
615,211
616,206
617,228
618,412
619,607
620,548
621,544
622,199
623,282
624,300
625,634
626,49
627,255
628,192
629,98
630,12
631,168
632,683
633,285
634,342
635,727
636,223
637,506
638,442
639,459
640,661
641,51
642,560
643,928
644,466
645,165
646,395
647,678
648,578
649,684
650,210
651,724
652,307
653,444
654,340
655,52
656,758
657,473
658,209
659,984
660,291
661,563
662,930
663,210
664,150
665,256
666,382
667,164
668,517
669,767
670,285
671,367
672,862
673,172
674,885
675,162
676,82
677,948
678,487
679,404
680,765
681,239
682,738
683,690
684,439
685,794
686,972
687,160
688,242
689,566
690,664
691,483
692,224
693,796
694,385
695,322
696,108
697,863
698,98
699,915
700,529
701,948
702,322
703,982
704,594
705,114
706,118
707,858
708,542
709,419
710,754
711,851
712,439
713,665
714,995
715,321
716,985
717,135
718,747
719,558
720,648
721,97
722,855
723,36
724,812
725,184
726,838
727,206
728,47
729,551
730,267
731,542
732,737
733,68
734,713
735,282
736,15
737,253
738,119
739,656
740,189
741,936
742,917
743,297
744,648
745,465
746,890
747,272
748,376
749,292
750,423
751,583
752,863
753,968
754,502
755,786
756,74
757,964
758,554
759,126
760,672
761,122
762,861
763,791
764,181
765,520
766,867
767,259
768,92
769,342
770,566
771,518
772,974
773,460
774,85
775,162
776,527
777,745
778,209
779,758
780,263
781,610
782,664
783,938
784,636
785,515
786,559
787,519
788,244
789,200
790,837
791,542
792,297
793,533
794,965
795,920
796,957
797,698
798,847
799,237
800,276
801,260
802,798
803,273
804,339
805,362
806,93
807,311
808,420
809,940
810,331
811,348
812,366
813,502
814,67
815,192
816,983
817,20
818,767
819,248
820,587
821,540
822,838
823,65
824,770
825,18
826,624
827,191
828,642
829,11
830,867
831,944
832,160
833,21
834,487
835,203
836,374
837,543
838,389
839,582
840,344
841,37
842,541
843,491
844,763
845,474
846,382
847,219
848,90
849,612
850,482
851,765
852,959
853,769
854,971
855,857
856,925
857,375
858,504
859,284
860,462
861,645
862,647
863,84
864,144
865,380
866,47
867,259
868,499
869,449
870,331
871,675
872,678
873,907
874,655
875,896
876,736
877,277
878,561
879,346
880,924
881,78
882,427
883,860
884,312
885,342
886,450
887,725
888,965
889,646
890,495
891,526
892,825
893,538
894,298
895,350
896,25
897,798
898,12
899,464
900,533
901,369
902,565
903,26
904,654
905,145
906,444
907,141
908,733
909,181
910,943
911,675
912,442
913,570
914,742
915,136
916,706
917,595
918,43
919,517
920,223
921,336
922,658
923,327
924,423
925,803
926,16
927,961
928,273
929,324
930,878
931,864
932,239
933,724
934,135
935,780
936,262
937,811
938,526
939,949
940,862
941,411
942,796
943,294
944,687
945,718
946,36
947,603
948,432
949,729
950,349
951,751
952,739
953,130
954,328
955,28
956,716
957,985
958,41
959,182
960,9
961,267
962,354
963,142
964,140
965,286
966,980
967,461
968,931
969,164
970,743
971,790
972,30
973,681
974,246
975,733
976,434
977,263
978,44
979,711
980,757
981,539
982,355
983,900
984,716
985,193
986,364
987,76
988,747
989,387
990,997
991,704
992,623
993,431
994,728
995,266
996,406
997,72
998,503
999,694