PID,UID
66,458
337,676
233,797
118,434
602,841
285,646
576,480
284,577
153,177
232,464
634,902
215,534
928,38
13,508
532,365
641,138
614,225
971,153
579,429
600,803
974,217
289,107
717,401
395,915
680,279
334,27
124,48
680,207
820,583
266,664
804,770
719,819
439,628
773,416
314,350
767,451
605,739
22,234
495,896
74,501
851,332
269,475
160,505
738,776
846,959
340,704
589,420
33,766
714,573
906,64
59,304
77,336
850,284
121,569
812,528
525,157
850,201
539,454
126,852
313,609
833,758
635,714
506,365
206,914
305,180
283,249
326,588
492,428
544,629
463,206
973,249
254,20
901,977
345,412
720,439
291,136
352,969
953,535
142,378
373,467
432,194
82,860
539,194
283,519
531,287
703,786
946,822
173,748
735,261
948,981
983,336
138,490
581,979
494,375
694,310
687,306
529,430
610,861
285,295
57,639
28,719
403,736
733,327
510,977
253,929
927,772
792,389
228,350
103,338
10,296
708,141
498,340
637,497
901,815
368,620
69,697
43,49
141,439
906,238
600,656
21,665
16,335
42,931
499,239
509,274
12,209
41,166
179,967
301,755
262,723
91,237
262,399
256,442
323,123
529,336
39,920
154,500
487,323
747,824
530,435
814,679
295,734
451,533
258,306
305,783
811,895
819,411
701,328
656,984
894,605
403,163
638,770
211,52
821,624
948,603
719,760
947,154
151,684
939,575
28,752
977,42
276,173
311,313
176,160
969,627
142,889
891,387
770,639
282,158
497,975
352,162
747,364
276,914
42,543
125,197
328,826
968,249
342,203
836,302
687,357
648,661
692,753
462,246
189,831
737,742
793,919
338,945
479,446
864,617
312,666
351,31
308,491
310,775
561,827
919,170
793,47
243,79
755,313
594,828
992,62
444,26
319,128
17,408
941,732
484,704
248,738
867,985
869,713
792,14
337,407
596,951
37,762
228,454
976,176
618,242
826,290
84,339
708,719
224,907
379,625
467,439
715,450
881,572
244,457
549,510
877,699
171,396
881,115
75,964
390,794
39,571
408,835
541,207
633,570
404,430
329,890
730,868
78,609
628,190
200,855
829,798
899,92
36,798
483,116
770,155
421,350
847,386
787,369
12,534
855,24
667,111
520,715
601,929
808,768
230,631
933,438
182,473
320,984
305,727
970,846
534,838
224,639
721,879
757,169
541,857
210,314
244,494
492,866
877,559
165,986
896,448
393,415
821,934
543,563
786,434
176,473
801,262
410,416
253,431
815,83
671,890
453,627
227,492
637,152
208,890
296,812
999,169
131,537
383,11
21,76
964,617
523,241
756,616
753,928
25,279
342,677
481,714
30,950
891,251
622,922
802,148
890,380
277,252
122,434
119,224
469,927
783,302
578,694
290,408
553,737
341,380
251,583
897,335
108,618
476,925
489,539
182,489
925,809
794,81
131,81
278,804
596,722
780,956
938,142
408,544
685,689
370,386
8,31
673,778
964,144
265,179
499,0
228,85
765,845
292,792
26,712
611,582
154,172
948,812
596,351
208,251
138,206
920,566
894,822
162,911
617,821
771,347
390,235
846,887
839,642
219,351
607,77
766,356
85,985
232,890
925,464
306,769
71,263
480,666
786,297
826,474
703,958
821,735
124,889
577,964
46,139
9,782
592,525
167,144
980,548
757,343
618,713
776,917
854,193
791,441
723,554
995,256
728,246
425,957
560,15
538,292
700,587
648,837
415,825
901,146
336,827
271,754
929,913
229,910
164,46
78,739
241,640
545,809
43,936
863,308
320,118
712,426
348,170
579,290
31,315
961,505
87,821
513,514
586,936
603,548
503,728
177,84
831,334
641,405
626,170
182,569
590,57
412,753
850,292
574,229
393,454
90,925
688,583
46,555
837,624
180,663
181,513
702,949
74,974
419,262
904,80
925,47
245,426
143,319
871,822
680,748
194,962
689,827
825,528
51,558
679,129
39,756
440,890
376,659
94,58
885,821
863,810
976,907
109,571
470,175
583,844
99,532
94,717
221,958
285,193
306,804
953,362
29,255
541,276
259,92
474,58
412,458
796,805
360,585
952,693
428,408
909,959
529,269
380,316
811,323
681,182
595,222
77,652
112,555
852,586
344,989
174,817
601,693
730,78
722,419
590,530
60,783
827,598
324,718
460,575
772,543
426,758
566,383
733,947
645,576
537,651
293,848
361,434
616,987
978,481
502,336
233,838
775,895
606,327
986,153
766,151
880,426
474,697
695,589
444,536
342,962
783,577
314,725
704,490
5,160
298,359
339,453
374,419
857,74
520,477
380,890
471,242
74,489
124,782
118,572
336,926
439,454
390,688
919,447
441,278
837,809
299,711
292,821
890,396
993,31
34,702
692,432
37,28
644,544
428,210
894,911
781,674
971,438
617,949
837,420
196,10
980,66
166,842
982,222
723,800
808,775
9,272
150,427
553,702
673,567
721,471
80,879
126,932
976,489
434,766
706,947
692,13
115,366
990,114
847,958
596,449
63,429
299,15
501,584
742,266
505,992
595,540
701,651
687,990
330,802
379,509
880,949
50,405
343,210
955,592
39,671
837,634
23,20
735,627
456,809
494,707
553,959
159,280
33,54
174,396
502,41
101,49
606,639
568,550
909,915
670,127
228,985
227,8
113,146
656,916
150,543
884,242
50,7
145,24
428,345
788,301
413,589
913,431
641,804
621,190
746,193
417,33
753,247
602,154
105,718
263,428
869,266
412,998
473,902
654,592
73,116
676,238
851,505
521,514
335,777
384,313
81,444
344,222
239,164
88,211
68,989
123,463
953,641
562,797
114,792
39,225
540,19
624,871
239,184
265,484
495,231
514,91
902,822
950,848
516,337
469,209
232,350
650,656
164,951
340,307
675,592
824,8
642,979
481,816
798,288
209,700
482,561
320,855
662,640
164,505
124,366
434,621
811,398
130,992
773,637
287,222
997,460
244,521
701,858
678,961
562,898
853,682
201,437
515,242
152,297
612,117
935,466
676,475
553,690
605,466
716,641
269,846
152,169
262,324
506,320
348,659
664,964
20,403
272,47
986,205
955,198
766,254
352,872
371,338
622,377
155,495
956,996
461,592
324,125
558,748
835,306
396,668
868,11
577,265
499,110
552,864
131,0
98,152
317,738
951,260
51,311
846,794
614,121
268,208
943,677
340,646
958,620
138,824
192,82
986,773
173,351
452,659
752,421
260,666
252,913
390,307
864,391
11,813
942,8
711,979
987,54
428,861
159,84
346,447
853,873
47,207
94,249
342,627
309,161
689,429
774,433
315,808
217,29
176,795
21,727
890,914
163,219
571,511
983,955
667,920
419,516
489,786
366,781
769,691
967,871
259,323
158,401
890,485
918,755
467,175
250,905
803,728
187,933
853,912
610,6
318,681
559,189
578,914
86,205
731,954
861,547
384,242
995,81
649,387
532,695
986,83
421,230
645,50
748,801
139,700
581,742
412,828
41,107
15,307
152,133
260,956
302,869
378,606
622,709
624,596
606,30
117,127
462,632
800,722
540,974
996,808
783,293
372,752
415,171
841,771
663,730
713,685
584,445
654,656
497,635
942,946
879,234
214,752
920,276
404,981
110,577
498,760
312,288
450,404
552,477
920,643
28,872
738,179
654,583
19,761
104,53
728,475
414,967
809,282
756,742
489,110
602,237
366,438
773,3
440,554
439,11
36,873
942,81
786,923
659,936
576,148
967,41
137,728
350,95
418,697
17,611
929,585
679,607
483,444
253,919
338,208
340,512
470,657
156,838
273,408
46,560
503,564
759,127
86,8
423,979
388,269
618,231
848,781
439,727
439,706
969,978
940,708
218,243
176,793
217,294
831,848
50,401
225,442
845,708
646,684
14,751
681,703
660,137
22,404
529,684
901,541
793,375
74,955
511,207
964,38
592,918
626,267
427,326
245,666
931,439
376,407
687,262
58,733
460,584
991,850
197,735
799,322
688,375
444,115
268,532
341,243
501,324
685,706
996,452
468,531
775,981
258,294
431,740
367,767
588,699
121,650
967,825
930,580
671,999
842,50
384,612
640,560
607,528
395,747
490,368
303,841
605,857
233,987
213,645
84,769
309,877
245,297
779,462
576,91
437,204
650,461
653,239
12,335
227,407
434,508
156,814
619,377
684,268
177,710
897,757
329,824
393,52
702,218
747,905
997,237
453,394
181,791
259,239
637,309
798,304
153,403
160,379
398,961
906,500
141,570
194,421
201,159
82,622
884,540
404,145
213,696
473,96
203,310
296,668
874,392
546,137
736,703
553,995
300,468
83,744
247,674
891,932
150,152
804,796
34,87
835,117
937,454
996,243
35,324
251,61
988,711
110,105
936,635
167,268
224,947
523,718
13,956
992,681
448,128
359,16
656,924
703,682
800,405
931,392
119,956
524,86
606,107
337,446
569,633
559,118
528,528
823,682
183,640
546,447
210,907
551,963
44,251
178,129
83,840
755,789
933,918
180,640
913,809
138,686
991,820
452,833
182,652
564,207
184,213
106,571
407,546
292,289
422,270
162,666
588,659
676,254
164,373
645,64
597,673
194,768
668,156
624,31
592,0
62,514
917,340
543,86
605,337
207,274
200,392
144,937
77,805
295,976
377,893
576,452
49,994
190,39
43,670
604,384
309,951
519,909
38,432
267,502
378,281
453,571
983,538
139,677
984,457
10,102
639,869
389,79
628,943
326,504
85,744
687,469
417,290
514,458
935,109
675,783
267,420
475,40
31,429
842,854
298,374
613,371
256,614
438,77
925,694
430,135
296,831
829,591
284,541
110,61
154,513
405,974
262,356
43,188
277,832
391,564
272,344
611,109
60,669
495,242
837,589
859,3
264,496
924,957
552,607
296,263
504,87
462,250
929,230
287,508
877,427
84,430
181,389
978,444
228,793
417,217
750,766
802,281
709,115
418,562
258,965
294,444
36,183
588,297
665,693
496,812
639,545
566,822
82,666
687,114
978,298
491,871
990,299
112,492
205,223
615,571
640,617
309,439
411,65
381,107
520,272
987,666
15,504
343,972
592,811
524,901
368,756
959,983
760,833
465,608
105,486
765,218
229,792
335,803
782,339
286,389
452,751
155,973
20,503
114,779
845,928
711,781
370,967
871,325
332,235
555,334
105,438
483,301
684,185
170,12
827,507
29,82
271,690
834,746
689,590
344,518
767,646
495,204
574,47
487,123
460,947
31,466
69,400
411,452
401,13
312,872
835,147
18,776
415,115
503,44
305,869
467,596
526,831
485,103
543,840
286,674
551,403
785,663
451,310
680,885
80,913
236,142
587,828
935,387
53,46
701,298
154,245
570,24
301,493
40,865
958,996
11,186
711,707
181,546
59,609
286,525
402,956
475,441
654,157
446,141
967,483
215,142
120,103
757,437
653,786
499,39
646,424
170,610
401,953
816,568
288,45
418,304
390,764
111,352
588,679
539,3
255,404
504,818
274,515
652,744
567,654
836,288
73,448
71,773
30,40
820,42
51,700
381,805
941,912
997,789
532,661
300,351
380,533
465,586
742,757
800,976
824,459
364,84
761,953
277,917
297,798
102,311
974,469
55,890
889,724
947,205
669,643
768,119
480,47
440,155
713,125
832,912
461,484
961,363
588,344
164,170
117,346
370,673
50,113
752,160
738,899
846,798
703,780
678,675
966,329
638,904
23,227
721,292
953,763
963,214
178,118
486,441
988,985
246,255
928,119
313,598
137,342
114,598
785,348
143,331
915,845
378,29
160,990
759,800
733,718
130,474
327,111
62,183
656,339
495,637
347,723
505,598
191,301
228,577
255,214
564,614
892,309
836,597
757,307
223,466
448,798
171,818
539,777
542,260
173,94
688,335
608,405
868,961
288,808
405,953
316,807
97,363
431,987
603,832
239,483
13,837
409,237
606,17
993,134
659,342
241,469
101,7
805,156
745,35
335,81
663,244
900,828
848,105
814,920
761,525
635,679
606,290
371,437
455,716
913,689
96,656
604,955
209,527
457,82
877,329
503,57
235,338
476,530
810,860
694,174
671,932
385,468
90,364
579,500
761,288
280,569
385,620
155,444
644,625
390,344
856,532
84,651
443,65
979,12
7,265
314,812
161,810
818,233
792,994
453,927
357,924
420,579
906,977
510,484
72,766
26,416
487,36
482,761
73,919
48,226
492,873
764,707
191,265
817,736
836,105
648,851
700,283
788,403
31,882
112,15
302,978
906,352
112,208
698,989
870,373
225,753
826,225
360,92
73,459
110,133
356,713
140,690
179,233
383,413
517,884
854,36
668,642
798,293
193,804
162,446
705,600
832,767
911,666
565,233
176,916
161,984
320,669
5,657
401,371
283,832
898,496
381,734
421,81
652,482
234,423
728,295
439,947
992,941
51,322
567,246
80,178
703,622
398,188
342,419
456,959
588,809
699,283
634,296
649,947
490,64
26,463
663,117
47,187
806,114
384,886
131,337
679,372
158,263
710,304
428,473
908,852
469,329
460,208
83,887
191,528
691,674
930,284
660,183
723,425
546,505
703,911
981,643
849,692
698,223
750,808
533,204
125,542
184,86
972,607
117,255
82,449
356,416
416,186
499,128
469,941
537,658
649,414
43,47
158,190
276,254
745,307
613,844
396,767
317,204
328,876
281,607
564,285
848,206
3,125
972,407
897,226
12,740
781,230
679,71
952,548
925,533
355,959
658,31
334,502
108,823
836,880
920,976
564,958
897,222
764,7
510,206
75,337
339,915
900,90
264,288
758,655
850,540
776,805
741,467
880,720
286,504
191,167
675,34
151,243
855,912
883,800
563,873
887,27
685,947
644,278
779,742
848,179
188,631
132,124
183,295
744,572
437,786
804,520
688,572
840,371
833,382
388,690
809,683
165,285
893,913
609,83
899,557
777,667
598,390
332,512
177,707
995,634
734,540
559,177
290,927
111,306
890,152
220,494
891,772
295,225
426,546
316,899
182,184
854,112
848,587
374,841
608,453
515,490
255,278
855,603
423,960
910,873
494,630
298,484
989,604
760,887
238,45
1,56
578,463
216,737
876,992
241,950
917,476
910,714
583,955
903,464
379,409
344,92
436,930
103,565
513,621
539,549
674,849
237,231
510,791
295,945
158,756
445,838
670,210
903,171
851,816
165,774
925,902
104,278
832,66
522,381
89,456
366,718
635,516
502,597
939,372
155,863
495,256
715,156
899,368
754,337
721,842
81,141
746,952
672,462
271,552
290,487
458,243
369,494
380,98
53,566
779,435
759,69
51,31
611,146
51,352
709,772
298,146
148,62
832,776
311,894
462,114
575,410
910,519
542,210
405,840
112,170
780,853
132,996
534,266
155,924
539,829
653,347
654,759
540,291
292,759
60,881
317,618
484,698
24,847
842,549
340,921
513,20
726,141
893,317
964,676
161,629
209,87
508,250
295,849
845,725
32,537
799,434
406,676
465,407
345,487
975,684
574,571
969,317
119,757
844,63
351,882
877,123
486,917
304,74
533,784
322,182
58,607
852,367
48,563
539,737
476,853
380,814
709,343
403,469
936,134
343,577
169,539
608,880
156,935
897,99
241,140
226,920
141,439
722,597
68,34
854,16
119,557
148,150
343,900
519,328
376,765
166,56
988,491
897,560
812,803
69,404
311,499
820,966
460,347
430,52
269,159
83,426
783,621
831,397
526,21
310,237
604,675
676,307
449,655
380,387
132,161
869,483
852,465
80,265
772,980
454,348
429,928
364,789
342,333
628,734
813,31
616,732
347,939
552,920
733,957
413,471
320,933
566,252
128,700
242,535
496,406
248,496
112,64
999,742
577,283
868,939
955,900
359,424
957,842
228,791
413,403
579,721
164,79
107,43
529,346
184,812
535,586
526,243
270,526
515,997
38,218
550,729
246,153
394,43
84,544
997,12
539,67
84,937
925,979
952,690
519,123
624,45
333,680
316,863
671,971
84,966
319,668
590,191
362,781
405,69
473,794
352,186
99,230
686,997
549,757
363,994
699,611
943,16
304,407
535,514
672,930
234,827
978,566
6,849
987,612
611,510
629,598
728,670
627,363
188,505
307,829
729,902
346,567
882,420
392,351
157,411
624,993
841,120
659,771
756,368
751,690
509,306
879,922
0,694
293,896
96,494
280,719
377,543
127,178
17,776
377,261
13,652
318,266
386,841
622,475
180,339
953,145
387,382
286,689
633,354
896,10
348,742
740,881
97,482
783,624
541,19
25,993
330,49
449,402
233,209
189,806
48,901
415,185
55,372
363,822
835,786
372,996
262,889
786,588
800,210
842,447
259,167
839,340
600,90
130,48
800,425
738,716
116,270
207,731
758,706
860,617
226,681
185,755
926,396
816,159
93,837
413,816
420,609
569,810
189,48
218,454
692,313
429,622
11,820
486,499
762,652
597,102
100,908
481,842
309,259
821,612
314,471
680,966
795,441
3,573
30,817
507,469
971,602
933,573
847,843
378,814
794,622
933,512
915,487
258,373
43,154
865,573
92,220
778,669
831,2
525,781
163,27
943,457
381,788
17,733
676,199
92,261
818,922
645,603
813,209
758,522
607,699
518,896
451,239
905,47
644,294
175,905
758,569
954,534
842,177
457,507
232,513
162,566
270,973
956,622
179,222
368,670
193,826
966,740
329,8
103,660
399,231
929,745
618,722
839,900
893,566
721,10
432,899
164,416
673,754
483,448
758,722
679,969
530,173
549,146
279,356
224,676
204,89
790,414
910,947
14,37
994,19
451,684
877,521
22,99
66,380
167,367
17,559
365,937
480,779
327,173
196,718
167,934
253,933
45,778
909,873
137,867
566,977
665,804
480,286
880,453
97,319
333,671
882,51
830,589
826,613
115,913
581,318
922,724
905,12
67,885
714,507
374,447
798,396
594,724
749,892
621,953
799,899
942,513
177,764
360,231
729,720
717,595
17,945
210,427
113,481
74,786
465,675
914,438
513,404
524,872
54,481
958,579
149,610
76,68
152,311
390,657
899,412
491,554
656,583
490,706
297,215
241,902
746,256
176,76
202,128
408,242
239,532
232,906
777,817
991,819
234,84
118,581
812,542
171,666
806,273
402,38
695,254
138,314
433,658
232,488
778,0
774,54
139,977
971,499
197,89
268,957
480,265
809,869
414,389
61,713
445,365
636,834
88,298
861,982
497,287
69,79
558,672
256,335
571,433
421,743
879,457
511,260
327,202
158,533
380,65
705,142
773,573
305,39
507,637
813,397
723,641
456,685
513,50
591,599
49,61
484,325
173,192
655,542
875,292
419,626
957,652
322,951
520,396
354,497
437,588
251,34
266,769
347,43
107,693
989,734
291,77
766,351
1,709
824,749
639,851
259,429
523,347
156,431
261,881
28,318
430,398
687,226
914,673
116,20
499,723
283,343
135,909
81,626
66,44
858,491
239,241
827,81
496,360
363,19
924,941
546,952
460,678
953,967
488,462
594,293
285,75
216,687
439,468
853,954
890,47
910,947
125,400
117,709
415,36
83,392
468,604
833,37
470,856
698,434
13,875
201,56
424,698
973,563
280,836
183,687
542,531
261,802
55,868
588,970
921,118
740,475
984,789
400,510
803,872
232,153
912,508
603,440
80,221
905,264
391,730
25,668
610,277
833,803
653,640
458,245
440,543
640,13
245,448
328,20
647,280
576,229
316,891
114,955
996,780
905,581
390,64
828,732
687,462
154,937
68,835
470,962
777,442
738,106
918,196
666,659
366,597
706,518
693,263
272,251
467,871
550,605
140,405
560,714
827,136
904,779
751,373
625,90
941,917
859,405
786,21
858,769
328,775
961,22
377,484
466,942
81,82
902,808
2,938
933,967
157,407
105,939
371,918
836,216
128,844
449,717
210,202
405,442
735,579
820,665
746,85
383,529
699,466
662,779
113,442
295,247
384,849
703,429
308,924
719,197
290,574
847,730
514,901
463,482
239,551
152,229
490,671
315,120
337,795
780,135
678,401
716,5
835,521
234,230
389,925
807,632
706,272
191,681
616,808
240,587
727,650
924,236
589,950
910,274
28,122
909,773
583,746
433,452
760,541
270,507
153,274
954,183
128,808
324,435
660,953
245,237
103,225
628,489
274,92
566,638
643,149
46,43
802,795
729,537
863,345
362,421
953,877
440,557
930,891
883,180
382,275
508,11
700,797
731,169
972,403
371,591
84,42
606,500
540,20
299,761
780,795
865,170
599,924
175,590
486,522
941,276
601,813
389,680
899,916
635,390
349,817
4,645
47,420
492,221
240,53
351,749
356,627
829,65
411,799
562,302
589,787
662,625
133,566
464,360
846,248
149,383
336,516
943,9
287,792
21,119
122,660
752,314
879,218
890,235
552,452
359,865
937,280
197,667
711,770
350,119
511,635
298,526
227,44
37,555
888,815
930,440
183,30
677,295
810,441
732,859
804,581
276,880
140,549
224,56
218,610
14,59
169,869
57,938
440,642
172,907
101,265
84,438
975,641
343,560
678,239
962,351
113,668
525,151
127,888
175,499
429,474
256,867
447,460
71,259
888,205
893,584
439,694
834,830
921,478
27,383
461,645
845,931
875,491
339,980
521,979
274,739
658,79
663,904
157,123
160,245
982,388
943,810
413,212
411,599
492,959
162,777
788,941
158,100
106,653
186,81
461,521
346,368
818,326
451,818
908,246
927,392
530,450
411,50
338,818
188,153
298,446
679,291
248,729
24,301
756,307
380,706
985,610
118,775
330,596
116,191
489,955
723,469
529,489
461,857
292,369
862,358
946,681
370,552
51,831
964,508
848,422
107,910
120,356
542,962
815,419
208,441
98,459
465,716
51,703
565,194
453,939
991,268
321,391
870,838
974,417
328,667
933,5
414,595
443,318
618,106
406,44
414,744
895,589
260,473
750,568
247,53
638,484
833,820
614,282
767,676
730,382
590,627
236,781
325,494
732,588
403,345
946,60
457,277
562,704
118,770
522,0
773,930
307,145
73,415
655,344
360,420
219,829
485,145
202,848
855,667
163,760
123,50
611,759
501,296
874,228
62,506
517,921
198,890
934,815
399,658
52,959
881,677
95,636
619,333
737,313
300,58
195,538
93,323
623,250
259,656
129,251
780,354
17,152
963,627
3,3
376,692
348,949
53,196
536,918
652,818
892,801
738,376
305,230
612,565
396,134
66,285
377,46
427,192
782,505
634,92
381,445
160,120
986,352
580,357
51,651
251,757
441,272
303,382
537,475
364,671
639,793
734,943
689,112
762,440
253,786
666,802
970,414
752,434
553,8
522,345
693,942
720,535
753,812
237,124
124,364
774,130
162,440
985,766
438,917
761,991
989,405
483,203
72,180
870,274
344,17
330,344
102,512
479,595
805,456
453,492
316,39
146,311
20,818
817,177
302,973
203,60
854,682
811,622
660,523
57,336
533,777
409,54
726,257
47,77
936,149
986,990
951,920
308,804
796,999
922,353
6,311
941,165
644,101
919,924
772,992
694,384
596,267
848,759
979,43
789,740
281,213
403,794
794,373
191,63
635,459
37,525
852,564
828,60
348,763
619,747
985,629
639,825
798,624
37,732
690,411
86,896
79,212
538,358
520,732
472,840
212,388
640,796
370,538
188,637
163,980
117,737
935,369
625,218
759,261
846,274
574,557
44,181
662,606
79,237
909,156
29,483
850,132
984,426
263,358
939,47
295,518
480,623
41,443
193,582
850,280
690,990
668,131
653,429
981,572
424,199
253,932
277,884
175,996
189,575
792,769
295,777
152,300
288,398
541,163
973,740
361,257
186,267
333,347
278,477
269,157
266,383
678,164
157,798
998,892
802,606
201,887
992,262
773,860
975,374
597,321
624,128
646,639
358,155
979,580
571,400
999,678
820,767
48,514
968,700
292,177
206,557
372,304
963,747
115,49
874,815
325,227
345,348
409,502
629,219
976,38
807,715
156,326
812,93
668,722
432,283
955,609
814,809
651,924
806,627
577,558
34,629
683,42
550,745
43,190
233,636
730,956
478,642
991,916
179,557
222,865
72,191
813,531
129,706
28,114
447,872
129,402
355,995
82,774
955,440
939,834
973,900
360,415
325,443
977,179
365,27
198,862
682,791
374,168
619,272
809,455
481,26
417,917
780,397
898,141
893,8
265,804
265,31
478,230
122,422
371,568
74,752
517,499
481,189
292,515
855,984
14,920
962,632
424,642
368,463
383,99
142,573
105,834
973,197
32,326
950,111
698,348
306,708
370,991
497,511
450,815
589,629
409,116
125,927
541,156
776,959
71,100
36,171
101,655
245,952
653,449
890,325
935,651
374,212
539,936
414,38
356,516
51,119
43,930
919,127
433,914
844,295
370,993
810,984
824,437
352,473
994,152
669,239
13,993
3,583
947,945
837,567
187,135
312,978
477,392
230,90
919,904
108,986
198,143
920,522
909,140
176,928
862,163
554,125
649,745
836,142
238,525
639,930
870,9
237,794
10,790
515,993
194,382
946,753
449,113
390,666
140,609
235,264
370,944
578,778
953,572
523,266
550,909
514,62
946,407
651,183
333,252
860,424
812,918
84,624
647,461
294,752
398,529
547,918
315,494
727,883
635,523
977,256
161,327
714,654
854,331
290,36
855,27
23,889
859,930
26,72
582,499
58,40
554,659
556,539
373,513
988,243
419,552
783,69
515,753
270,748
955,689
258,857
826,114
385,404
327,58
538,915
326,610
457,800
52,194
700,363
361,549
195,421
589,761
848,327
666,846
54,436
844,919
678,714
551,584
26,21
914,347
887,407
944,382
925,607
361,505
26,933
892,486
191,983
759,330
556,549
311,288
419,864
767,169
576,867
505,346
712,872
968,401
161,205
935,577
348,519
153,90
472,931
892,567
848,52
576,332
947,493
195,994
734,428
216,355
513,693
204,818
581,737
740,901
700,250
209,285
687,523
83,136
798,967
966,196
712,405
755,805
493,822
173,90
614,888
172,590
714,997
437,424
759,765
275,550
493,995
156,877
193,677
507,551
587,130
536,412
79,513
666,663
200,2
995,255
840,217
513,46
448,172
596,753
534,248
363,763
38,390
176,59
762,809
204,668
678,47
949,54
320,648
891,437
49,510
485,308
152,874
352,282
474,390
330,979
481,882
408,400
226,538
916,198
598,20
462,42
504,971
853,851
39,94
169,503
177,111
500,321
845,754
156,666
29,45
974,44
90,14
899,74
895,904
117,511
140,645
738,278
330,811
640,156
449,715
996,303
348,583
38,133
595,863
27,774
473,326
539,515
781,374
386,258
301,100
827,746
248,264
790,599
967,316
131,744
425,612
265,106
445,121
501,622
852,646
531,184
256,352
465,393
836,124
503,309
336,328
725,204
172,506
234,572
380,98
517,957
412,78
352,479
415,532
447,420
241,440
721,223
900,940
108,573
966,955
822,491
468,902
20,636
861,898
323,902
10,810
529,954
506,61
142,569
968,85
271,50
547,167
546,973
419,665
24,813
703,368
506,397
230,507
431,43
642,966
543,110
966,415
673,628
569,950
769,261
302,504
829,378
629,506
81,927
74,872
237,447
798,49
562,641
948,574
706,726
144,943
569,555
440,928
540,717
713,428
481,154
581,543
494,510
57,488
370,262
913,161
348,444
97,306
607,145
709,502
796,133
23,901
581,490
473,109
959,696
919,724
871,796
587,222
474,930
374,163
527,319
185,559
29,707
925,98
220,556
319,54
257,594
504,90
466,966
385,477
455,324
357,246
270,290
240,535
26,884
74,573
72,253
429,419
28,937
303,272
34,598
923,605
160,825
594,143
844,985
703,508
696,642
46,199
976,900
963,441
48,964
702,97
430,302
76,365
721,722
854,60
819,796
244,706
703,883
589,156
28,587
711,97
870,32
642,437
353,55
378,723
939,996
93,238
707,663
431,892
611,756
351,367
65,42
800,826
358,912
37,268
393,219
392,673
778,565
365,964
816,50
990,322
856,701
524,382
877,648
118,761
520,850
281,842
640,269
135,915
217,496
733,155
696,950
41,26
109,540
279,310
880,266
112,800
345,111
757,759
425,646
260,104
894,11
573,838
175,838
320,207
235,779
880,848
205,173
667,191
624,410
373,888
665,625
771,155
999,949
894,530
646,895
268,500
223,978
476,409
160,414
506,397
36,959
494,710
662,67
818,804
138,781
74,693
371,565
792,830
981,822
723,931
243,934
47,288
278,0
687,103
217,710
945,613
470,751
435,824
852,191
909,522
284,246
584,906
942,362
721,525
451,178
701,488
759,546
472,429
922,924
39,85
604,922
628,151
456,317
927,874
79,237
852,303
604,850
482,16
946,879
608,966
501,756
284,343
810,540
147,542
72,256
783,647
625,390
178,517
294,172
692,22
798,550
966,234
775,837
655,843
745,157
124,255
518,809
600,769
660,827
29,962
648,389
891,822
685,386
889,25
444,758
383,520
522,705
820,299
90,974
682,19
396,252
773,834
887,653
353,436
774,931
164,532
904,257
864,900
476,313
690,258
635,155
287,490
897,227
658,323
108,671
364,27
445,250
356,198
881,287
874,402
322,460
236,831
535,312
905,41
282,644
565,365
929,407
60,22
341,992
965,609
865,136
449,311
101,169
837,902
789,130
625,58
285,127
352,871
184,821
962,956
878,60
946,39
148,700
39,382
134,371
55,904
679,179
885,838
948,412
150,880
529,684
888,453
783,752
958,281
489,266
843,88
940,684
60,688
135,759
761,862
776,673
82,96
810,695
662,582
409,927
537,727
538,999
219,885
915,492
385,40
269,540
378,562
54,527
79,714
247,837
604,322
457,783
165,893
138,151
103,282
230,508
668,533
461,489
372,82
139,361
325,605
760,709
691,519
104,619
533,715
156,596
516,740
340,988
179,523
630,147
908,744
40,983
924,230
653,162
83,623
856,501
288,877
559,729
287,74
735,192
150,595
862,282
928,983
436,422
851,770
198,443
978,196
103,392
847,331
839,527
993,168
715,551
547,459
706,961
15,788
0,785
447,802
286,47
465,831
342,649
916,792
641,731
212,245
452,214
102,952
423,814
301,872
742,146
305,268
778,104
675,738
693,366
117,132
764,696
916,588
421,667
356,843
656,911
724,944
875,572
356,338
447,987
847,186
486,27
448,138
403,220
577,951
402,350
196,709
575,790
104,407
559,542
478,957
940,435
818,365
781,811
812,601
772,190
266,0
658,667
852,786
505,550
158,535
418,465
55,850
12,310
280,898
981,868
731,402
240,994
685,934
572,345
133,625
270,240
247,976
789,797
140,712
593,270
863,862
923,133
700,417
959,18
688,200
1,782
370,295
783,335
553,327
523,602
20,762
403,473
34,208
281,502
178,286
293,238
166,435
633,714
395,723
960,862
227,711
880,319
699,772
305,13
64,229
530,93
757,241
111,401
815,683
56,145
743,237
394,675
997,239
554,597
297,272
625,182
953,837
667,344
691,610
250,434
396,818
804,489
588,839
509,537
288,761
865,378
749,734
780,849
57,711
912,586
250,558
425,89
10,735
345,710
81,645
918,572
872,546
452,811
79,309
611,98
786,13
942,440
998,827
881,28
596,551
666,894
808,539
98,676
774,442
886,659
191,483
605,1
766,667
426,482
349,544
365,954
883,998
630,60
668,916
482,129
674,319
689,140
671,235
377,793
957,645
955,183
974,816
993,189
999,854
335,741
753,27
466,885
22,448
696,695
799,755
228,676
101,864
321,551
243,879
312,641
889,708
627,699
247,986
482,558
715,795
663,538
414,470
925,546
732,917
240,401
688,306
800,454
229,36
164,514
783,146
139,130
860,130
19,115
530,361
613,54
28,232
113,363
335,719
821,372
848,753
145,3
323,549
962,379
17,690
662,295
477,17
294,407
158,729
218,900
34,198
118,773
569,10
665,23
743,618
87,195
595,683
350,467
949,453
932,561
197,552
855,418
541,229
98,5
929,966
630,807
355,791
285,217
811,5
283,381
200,948
958,624
270,503
996,575
434,453
474,547
762,319
129,698
683,511
361,88
170,514
589,547
984,586
701,711
860,865
501,782
673,610
679,439
976,227
526,289
963,918
598,335
447,509
723,230
874,635
202,943
120,243
442,914
342,24
745,534
471,220
310,539
862,162
241,569
565,725
458,866
719,600
760,675
758,854
161,875
213,781
152,316
429,314
737,208
38,323
915,982
613,247
625,181
355,576
729,29
140,344
150,929
387,671
949,138
945,955
645,801
973,619
988,115
940,856
142,414
208,511
834,305
452,833
15,784
603,473
149,360
389,758
581,17
37,349
503,128
336,693
892,444
726,73
46,45
752,875
479,705
361,857
167,408
150,212
636,618
52,209
449,891
877,968
178,675
210,476
284,627
500,688
43,424
140,517
865,720
666,364
645,477
472,708
305,956
88,506
780,177
55,887
298,74
616,227
704,251
953,382
622,612
726,665
213,622
689,632
479,178
385,429
508,899
729,425
554,394
510,949
946,709
853,118
40,5
496,271
954,989
934,832
167,719
525,791
661,22
702,57
516,783
600,258
809,389
144,971
407,637
680,983
762,841
739,945
20,557
142,306
151,63
450,879
380,301
661,526
714,278
725,181
514,682
277,583
975,594
686,454
562,726
779,791
559,522
866,560
234,960
305,539
900,109
864,34
850,417
412,526
969,55
465,736
744,138
516,127
583,15
121,322
456,576
714,215
329,115
880,161
367,444
390,937
413,441
622,57
537,458
308,362
403,588
301,310
772,635
553,723
372,241
407,631
658,241
127,981
802,954
26,494
294,664
194,192
421,181
611,887
447,852
668,584
455,570
189,402
237,453
116,630
669,712
100,403
82,323
637,764
267,238
643,589
46,299
716,569
978,219
346,220
275,916
764,129
240,665
337,274
445,637
170,740
397,273
251,59
347,654
738,581
820,930
62,251
19,420
137,230
584,154
382,645
80,59
138,618
900,348
107,85
555,744
412,635
520,802
169,780
879,315
343,487
458,723
330,278
541,620
287,290
305,120
549,616
871,693
302,282
633,615
854,828
603,881
559,477
659,858
669,374
271,55
235,545
221,972
400,154
821,634
378,350
621,15
236,340
855,577
72,916
807,641
672,673
729,377
244,619
834,54
888,127
942,429
218,431
891,261
925,336
844,959
928,96
972,59
701,166
643,991
501,350
508,107
334,956
43,739
78,791
24,436
974,253
108,589
403,262
14,312
838,482
236,894
45,303
231,844
418,56
363,537
482,729
393,861
668,503
706,173
208,59
781,487
790,164
112,115
772,642
198,10
325,380
727,351
972,128
770,458
550,848
801,742
482,238
232,694
913,495
351,39
87,461
313,247
922,427
914,625
106,296
753,199
737,566
610,657
127,345
618,199
661,41
214,388
183,212
226,332
853,205
931,997
489,776
395,263
698,839
111,861
231,513
502,163
720,193
629,468
27,699
1,428
895,308
584,638
291,783
348,872
881,549
56,611
413,562
547,638
544,546
864,649
192,750
94,187
781,889
710,449
288,267
192,847
16,420
309,405
5,15
371,566
322,160
649,951
705,414
658,643
189,500
106,772
70,387
915,434
673,537
560,377
691,173
926,294
146,360
332,866
992,217
185,720
230,40
501,708
375,118
56,32
41,931
24,846
406,825
485,267
98,637
542,63
38,305
735,478
386,326
673,679
160,311
985,739
236,706
370,323
485,112
546,625
363,706
884,386
887,731
469,409
846,906
921,85
120,913
162,218
503,50
248,795
980,975
181,66
143,269
965,391
34,709
896,716
950,701
89,325
144,743
142,268
248,901
603,776
328,342
643,308
638,929
718,899
607,368
272,588
515,141
267,124
536,977
125,263
134,622
281,354
372,388
164,858
368,638
639,633
26,781
625,102
344,545
178,251
261,191
785,951
2,648
135,908
998,927
165,58
753,800
543,901
647,754
589,305
884,751
200,245
44,116
324,124
744,912
401,7
742,551
369,332
916,24
639,587
196,873
250,800
929,119
235,316
865,809
772,240
38,593
777,65
39,990
393,136
718,670
965,856
212,907
0,551
932,609
399,220
634,467
301,658
876,325
595,187
766,167
422,332
466,721
785,158
691,664
847,191
368,214
554,122
913,427
722,715
995,375
449,455
513,643
88,583
627,18
101,171
88,192
735,281
472,944
947,159
362,450
697,931
959,517
208,73
729,655
279,560
424,759
809,624
32,233
939,184
609,794
346,597
29,405
10,38
346,115
540,529
898,388
28,935
174,527
175,262
868,619
763,40
194,533
902,868
558,689
64,936
563,1
292,590
752,69
642,705
544,624
351,406
114,966
756,422
103,840
824,540
9,105
107,466
298,336
351,109
343,35
793,943
278,205
230,371
481,12
877,154
451,63
328,737
698,246
538,600
435,66
309,32
412,996
232,750
824,14
161,844
370,676
912,508
372,380
759,332
559,481
785,672
404,865
24,648
921,455
384,466
3,195
267,651
635,725
517,863
131,386
185,946
390,598
672,532
696,653
622,875
62,822
411,588
203,411
341,72
542,171
737,674
498,706
523,965
836,696
600,428
400,312
574,155
42,871
652,746
827,583
191,472
238,973
963,109
869,151
707,246
997,148
594,639
292,590
503,777
99,539
228,674
202,447
388,575
672,469
531,879
936,112
962,671
832,153
40,694
941,874
826,480
215,759
719,361
602,641
984,914
116,670
94,599
434,624
645,978
728,634
235,595
871,188
617,101
905,956
568,598
170,339
671,451
997,443
231,43
287,233
472,201
866,183
830,443
441,653
976,143
141,495
234,348
215,155
750,163
973,954
842,794
979,217
502,635
224,893
953,670
489,454
241,237
821,662
297,896
692,929
659,271
647,383
93,518
704,968
427,14
711,16
881,721
187,589
220,502
278,202
822,886
13,679
306,543
64,876
888,57
852,209
791,64
298,19
732,149
579,400
590,163
223,955
37,67
230,577
805,399
107,9
777,51
83,187
829,54
52,654
779,666
40,156
54,254
147,599
289,791
318,894
990,888
216,417
224,102
73,412
930,852
665,942
812,532
719,50
520,650
527,625
324,789
400,653
573,534
37,4
569,507
566,338
743,92
496,389
181,535
628,591
318,70
276,642
904,534
386,232
487,219
674,345
742,113
952,374
894,935
582,456
533,401
695,758
937,610
16,992
317,889
179,897
681,20
252,546
699,723
445,869
830,511
21,481
360,729
886,815
937,403
569,200
440,860
535,656
809,905
11,948
148,138
594,981
516,383
86,134
22,41
90,380
145,572
304,189
266,596
344,238
918,893
572,955
999,857
25,435
855,127
832,317
208,737
753,121
343,475
955,270
64,749
615,624
797,357
85,454
683,164
57,354
219,574
432,321
315,111
674,296
848,389
593,371
300,213
228,353
759,976
978,285
794,568
721,660
988,384
551,733
74,673
637,815
695,548
239,783
226,454
166,962
101,299
947,22
186,845
809,79
355,136
194,244
556,449
615,796
471,359
651,300
25,291
333,884
959,868
779,826
806,483
36,35
761,722
398,872
663,780
463,642
968,687
141,817
372,639
457,575
23,463
656,813
63,214
657,481
128,711
223,297
724,749
603,265
851,961
599,672
134,255
415,642
892,818
90,648
241,908
750,260
945,261
31,878
696,654
462,233
279,800
352,749
445,549
505,140
654,104
252,334
676,649
453,825
617,769
523,855
102,621
729,292
446,524
442,927
294,805
287,435
467,431
806,333
777,61
738,547
543,96
672,213
461,827
726,310
406,71
58,22
334,242
434,920
222,363
768,52
113,635
965,640
654,461
361,572
218,802
771,20
879,638
794,979
262,688
595,705
45,345
123,146
414,599
512,730
377,135
52,900
497,246
243,547
156,236
563,440
849,412
934,458
194,379
566,527
360,324
72,308
79,286
121,795
989,371
297,321
622,383
199,371
31,146
250,22
677,692
416,331
391,85
141,671
4,538
49,847
259,498
397,443
174,450
473,186
565,888
974,352
16,485
689,419
70,207
783,657
409,875
733,461
586,311
183,79
116,975
707,245
921,962
229,630
755,543
813,202
727,761
332,189
15,194
67,564
486,346
123,200
124,919
697,525
276,641
61,648
460,173
168,710
515,167
539,322
549,761
317,671
665,725
723,778
82,289
830,9
314,120
334,740
216,516
619,857
15,36
684,559
650,50
735,385
645,846
386,162
320,291
781,183
859,455
943,119
276,460
656,834
921,957
314,970
23,744
508,639
734,652
944,443
962,198
948,544
617,126
793,509
102,644
858,525
506,624
301,309
237,408
216,650
74,195
583,163
906,783
958,929
968,293
620,485
293,468
216,187
466,787
419,991
517,784
242,758
477,692
667,318
119,129
850,419
216,352
84,501
444,452
633,435
37,122
85,870
217,147
396,781
537,88
64,370
270,91
490,994
984,92
371,468
848,357
882,547
150,760
252,820
224,691
286,268
142,193
320,402
628,122
210,746
999,341
958,399
838,122
981,745
249,394
898,119
95,720
922,271
727,796
478,431
362,443
218,936
908,499
45,126
609,538
38,961
134,846
354,412
930,458
369,925
558,908
199,100
229,88
627,73
269,534
456,694
316,296
139,851
179,169
687,786
403,683
149,698
403,988
162,169
648,963
732,744
158,387
170,565
280,9
415,224
735,206
806,338
354,580
60,53
313,842
15,74
931,736
279,687
255,988
211,881
447,695
441,982
787,985
106,272
211,964
641,659
114,847
674,833
632,806
96,716
505,365
351,412
9,187
112,492
818,792
112,675
326,222
407,464
106,595
556,673
405,49
246,226
577,780
789,315
752,421
652,732
633,256
709,704
528,474
821,867
229,691
342,890
918,128
60,179
382,469
781,709
405,388
165,122
252,772
961,467
69,332
695,759
967,954
26,443
540,295
969,996
137,217
743,240
510,419
528,798
913,556
326,146
740,995
43,95
312,27
956,554
124,969
329,778
309,74
746,282
362,194
926,30
439,228
889,117
438,498
721,126
377,356
644,54
489,160
878,959
259,347
404,661
483,134
274,477
62,423
641,241
23,971
278,606
98,116
856,562
617,577
696,544
288,221
288,238
621,725
969,584
199,912
115,552
459,765
124,944
975,701
879,740
678,76
138,922
248,419
525,606
901,656
775,364
384,131
257,587
556,667
786,975
25,919
275,81
737,575
787,813
2,418
291,356
96,313
420,191
735,472
34,977
779,157
18,900
110,602
329,434
998,837
906,835
364,800
746,290
128,481
470,154
456,618
211,714
270,252
651,503
69,537
128,125
907,217
309,864
26,979
838,213
177,563
900,302
808,502
500,982
460,989
106,231
87,216
666,113
238,85
777,984
902,425
113,140
27,939
853,952
130,537
689,863
277,65
422,205
645,783
940,927
141,73
59,804
809,490
834,923
529,197
723,75
492,713
572,589
706,419
961,72
152,668
37,833
208,311
424,553
900,660
899,135
484,305
905,191
692,374
245,407
95,981
705,153
665,814
170,324
830,644
256,865
132,204
108,477
983,593
91,918
790,901
811,708
221,712
1,286
927,763
399,759
849,619
491,179
331,491
791,467
688,659
109,987
394,174
502,428
145,860
721,801
593,131
791,633
791,287
353,243
894,170
898,930
992,145
384,583
122,760
129,226
622,964
48,157
895,685
991,192
208,268
359,669
39,133
813,790
617,928
603,514
55,493
907,227
651,415
831,579
455,703
237,512
603,689
938,17
262,469
543,728
743,220
476,113
876,274
763,573
565,935
361,600
204,78
177,138
957,154
671,485
324,215
698,954
782,541
992,112
305,281
295,727
874,671
393,527
154,807
822,690
678,484
656,404
250,538
930,421
788,952
472,674
458,694
199,402
628,920
582,913
19,324
861,152
294,869
653,153
157,193
917,882
724,178
915,445
425,889
711,585
574,504
983,816
841,709
480,984
528,317
518,946
109,554
353,879
648,263
907,412
97,739
384,360
840,745
93,571
383,831
108,331
582,638
345,79
355,143
719,182
269,871
670,192
444,830
387,74
633,55
574,901
360,315
911,936
400,602
12,289
341,922
736,331
475,747
592,987
802,188
46,277
156,105
219,38
505,605
445,751
649,899
789,36
403,246
651,643
426,536
157,534
259,549
333,727
947,291
858,865
308,106
295,677
204,249
401,324
129,726
54,460
764,959
448,615
87,914
448,227
741,82
904,230
672,179
798,101
182,486
786,127
967,644
899,995
958,375
722,765
168,160
175,196
254,849
700,26
478,42
138,875
835,182
565,931
211,786
612,307
735,720
206,947
744,857
848,684
238,548
736,38
604,933
158,305
552,120
488,186
183,483
658,616
729,771
589,830
85,548
183,26
575,416
492,859
519,760
41,8
838,503
471,519
411,609
130,536
854,217
198,217
419,60
751,791
778,213
124,585
260,500
511,473
356,22
336,548
754,661
719,321
829,417
993,880
622,579
156,615
353,892
968,328
364,731
150,116
376,215
796,452
334,791
286,608
283,547
781,874
307,916
430,831
395,711
794,886
611,514
953,137
278,208
376,953
48,630
782,539
278,118
706,417
471,102
833,574
624,18
370,438
474,518
241,766
72,976
193,600
727,84
251,129
817,390
403,639
526,209
30,379
95,240
725,44
70,208
505,92
175,495
423,765
292,843
398,532
876,840
104,522
719,405
909,496
574,553
506,837
981,314
16,758
952,368
967,883
156,202
754,907
457,73
430,949
950,748
271,389
113,320
585,478
769,96
759,647
343,20
706,569
342,39
730,162
524,745
23,5
153,966
566,754
183,148
138,305
156,78
174,723
577,763
43,834
243,40
257,621
264,924
303,456
881,79
25,456
446,550
467,811
560,778
142,72
396,200
783,238
545,350
459,460
862,279
569,206
220,938
647,650
570,308
458,766
591,393
227,417
302,633
729,523
818,689
647,4
103,245
462,607
781,421
221,444
565,65
579,227
219,887
543,195
522,178
390,435
551,389
627,721
545,786
410,492
344,736
926,105
438,719
752,684
672,475
811,643
233,114
763,178
552,973
23,811
131,860
907,782
179,249
229,2
525,970
11,85
787,810
176,46
739,772
536,89
825,430
678,522
457,866
332,629
449,810
465,157
160,590
796,51
265,740
857,155
102,912
639,100
637,644
618,572
12,692
813,913
107,211
578,313
813,279
207,729
969,723
75,133
336,778
46,670
313,809
549,727
190,830
848,250
843,747
289,644
331,689
593,315
375,383
578,176
488,675
602,360
572,738
408,834
919,300
922,731
547,177
161,704
807,592
828,734
532,66
439,394
148,733
457,154
137,550
239,888
297,261
765,26
51,192
543,341
410,396
897,905
702,803
276,362
579,493
824,945
464,841
85,594
187,936
276,342
72,226
674,157
7,883
385,957
803,284
787,222
356,202
267,443
61,660
971,669
91,720
54,279
566,457
675,146
881,819
270,703
573,0
561,105
232,227
657,688
315,945
343,513
910,594
826,321
828,673
435,400
879,885
749,731
918,444
73,729
326,799
588,315
997,182
460,719
493,40
711,879
592,108
428,159
783,693
964,278
642,624
254,143
373,100
992,751
40,896
277,978
750,171
904,790
768,29
477,288
11,397
536,130
217,24
130,487
540,892
869,325
104,128
716,63
508,253
82,851
289,380
364,703
938,354
72,811
9,3
542,645
213,250
850,779
507,695
293,346
380,256
992,883
458,838
517,935
430,602
424,484
586,829
466,607
204,894
689,695
544,909
536,612
591,740
822,352
830,284
562,662
521,454
60,358
762,253
857,838
332,82
830,857
470,879
339,287
898,567
525,446
814,127
618,833
789,299
225,770
117,610
351,452
365,171
500,696
314,757
646,272
190,312
999,517
629,819
371,24
445,463
162,939
16,41
203,843
932,304
382,530
347,143
204,885
678,884
88,269
969,464
990,325
188,587
966,178
388,166
800,757
494,891
404,497
775,311
527,799
952,967
858,580
207,30
223,429
101,124
407,138
858,81
927,349
123,113
739,37
93,358
98,157
600,669
658,106
528,874
91,111
735,986
220,211
576,63
540,544
217,482
31,878
905,36
487,590
912,75
708,765
941,890
429,536
842,752
741,126
10,892
644,876
430,446
71,27
993,246
178,622
105,193
458,724
401,85
302,96
715,694
735,625
45,747
162,559
848,99
465,508
691,22
127,413
603,510
375,943
588,435
19,541
256,705
820,900
777,557
416,533
363,347
561,581
736,927
56,51
657,217
48,189
403,842
570,571
636,336
919,733
904,415
59,788
1,465
461,754
363,68
741,174
668,870
786,514
154,580
59,150
982,560
909,37
712,662
989,323
279,912
709,301
197,149
660,144
910,641
808,759
909,257
324,302
662,783
363,519
853,511
282,568
994,700
141,937
675,544
854,1
230,658
954,292
604,661
745,687
332,78
14,988
449,657
460,508
323,37
235,730
982,776
443,485
91,407
209,224
595,428
341,824
771,486
680,721
591,281
183,971
63,2
581,680
567,978
926,720
289,252
328,878
641,458
579,964
421,280
407,140
503,951
299,565
160,329
751,442
320,645
178,891
803,332
329,751
240,343
9,314
215,953
681,465
367,855
308,870
98,215
943,412
289,848
791,266
577,561
940,90
993,905
236,725
192,317
998,88
345,724
851,396
245,332
112,865
673,626
36,50
557,393
338,552
712,977
640,936
960,625
10,477
575,147
362,772
437,85
528,632
935,538
530,816
223,14
848,93
420,276
880,31
895,396
784,416
432,438
329,201
548,211
578,10
442,928
34,534
490,572
768,314
979,480
62,683
616,395
887,526
163,870
629,30
569,760
430,102
677,479
271,553
623,534
839,518
401,599
384,171
460,210
503,24
594,259
399,518
934,613
259,913
683,728
972,590
471,848
556,989
619,611
756,988
387,648
699,874
433,685
734,884
622,183
878,909
645,476
254,342
578,560
756,680
203,209
226,850
660,692
235,41
980,683
125,368
843,743
36,597
278,820
805,800
958,617
132,379
751,689
564,679
846,51
181,640
361,444
609,432
994,597
374,581
804,564
174,886
951,822
40,236
538,513
202,149
597,205
481,709
605,135
163,118
14,952
866,788
750,746
3,342
274,692
195,513
659,436
20,706
296,536
737,275
90,958
157,633
420,809
571,425
367,273
119,828
546,503
243,504
417,983
495,889
974,905
159,487
652,979
813,151
347,317
246,183
736,368
553,708
405,691
681,866
842,996
761,142
552,126
750,662
996,669
321,561
268,352
833,925
26,159
109,597
764,943
391,572
872,400
802,873
791,708
878,161
609,895
925,592
512,478
637,197
329,981
990,692
571,719
917,16
352,514
923,544
829,928
462,881
221,720
527,880
820,3
161,987
53,990
824,273
10,584
486,974
77,518
690,722
98,493
315,85
809,523
548,319
399,333
157,65
3,632
746,53
514,67
510,358
920,740
530,145
234,443
107,543
381,461
374,115
122,739
292,768
195,50
45,818
377,400
125,857
911,632
88,443
94,750
356,978
350,220
151,320
103,765
992,836
379,449
646,815
966,418
172,512
510,882
377,674
854,181
281,965
755,47
879,376
698,286
746,320
975,606
327,483
817,394
13,729
969,468
900,999
75,327
555,797
553,975
273,34
169,647
77,622
180,273
569,268
289,341
265,226
391,650
442,742
829,31
308,552
923,990
82,444
730,689
981,825
188,81
851,622
877,987
620,954
935,909
785,88
180,48
189,240
488,724
582,611
357,142
639,825
491,753
270,456
142,821
403,542
63,559
721,350
102,209
168,251
896,532
945,660
258,667
247,387
428,931
719,921
228,244
44,725
460,915
45,500
604,298
560,717
17,198
154,873
6,146
126,933
8,884
577,707
993,534
559,915
281,159
887,179
959,775
573,63
299,672
656,533
763,863
90,594
255,199
150,235
225,7
948,892
154,265
917,784
842,21
837,41
948,356
464,284
973,490
318,457
304,755
54,222
340,152
552,844
531,965
885,861
195,111
292,639
56,205
133,142
330,942
673,877
637,696
394,568
559,726
183,641
712,707
877,312
0,463
132,462
745,628
859,856
345,555
180,67
101,99
408,185
241,418
179,304
943,227
974,393
830,187
517,389
670,51
439,945
553,156
711,37
593,795
298,809
322,467
724,299
702,878
196,147
908,164
385,862
960,758
132,166
530,937
281,113
909,449
9,646
562,418
554,563
26,24
86,250
832,506
410,449
316,222
543,884
576,258
659,404
94,484
63,299
822,159
3,55
42,620
948,147
458,293
947,983
195,532
546,153
955,964
279,583
285,880
28,679
230,443
193,280
14,630
23,812
84,752
156,760
389,157
192,628
93,130
46,891
398,162
568,195
195,913
951,704
994,482
160,872
332,894
390,647
49,78
674,701
191,569
327,488
575,259
309,255
864,503
117,900
981,588
470,358
485,769
28,478
379,447
936,755
552,579
874,226
344,331
985,334
79,58
809,133
260,804
41,598
26,430
994,432
399,275
258,886
737,54
732,332
759,67
177,781
953,693
725,862
963,890
562,197
152,224
139,25
309,271
452,903
533,216
326,786
842,260
394,267
519,895
99,523
701,392
760,609
705,879
989,260
895,897
944,915
464,678
419,236
214,212
72,886
979,669
734,447
870,126
470,273
561,137
883,204
973,347
494,937
600,302
848,97
345,207
358,773
690,700
560,585
700,983
205,616
893,594
587,892
848,686
572,780
407,285
683,170
648,262
6,498
517,166
562,384
902,615
679,837
158,711
190,957
928,536
26,797
53,777
458,827
940,611
112,502
829,525
229,91
433,869
791,820
274,452
415,24
844,591
422,316
249,959
898,160
775,974
963,503
524,812
843,376
492,991
63,16
149,790
181,864
666,799
331,948
612,613
671,503
689,370
994,406
547,808
55,220
322,833
233,664
968,212
920,415
682,551
92,86
936,191
934,534
275,108
85,763
29,315
491,936
966,678
745,306
177,264
527,464
964,900
580,768
957,246
356,2
145,677
408,601
210,608
54,834
685,373
205,211
63,615
224,3
841,223
699,972
769,595
939,202
962,417
516,836
35,815
712,193
969,91
533,377
504,44
430,786
10,180
44,911
809,699
917,40
18,787
280,286
123,787
190,193
605,533
317,774
739,76
159,781
559,369
730,64
811,383
100,887
332,814
428,62
363,367
703,840
477,428
312,855
890,195
147,21
120,371
222,351
16,814
372,630
569,707
675,107
894,236
995,795
943,36
315,167
880,672
413,199
552,712
734,574
421,189
74,151
188,454
132,653
754,198
396,906
238,486
709,427
188,979
864,661
890,104
338,219
238,147
19,832
859,357
371,663
926,789
21,11
625,370
789,244
916,102
315,319
893,141
989,351
810,656
207,405
934,947
189,388
549,9
465,563
190,723
443,125
133,546
541,795
86,136
458,384
706,888
848,105
929,519
480,16
973,687
355,651
319,879
860,717
1,711
837,896
426,943
662,773
985,544
986,737
148,34
704,935
510,636
742,766
580,459
530,510
362,835
750,59
884,776
968,682
643,971
230,269
589,319
80,281
113,849
253,818
725,162
734,148
813,344
874,30
46,460
928,346
222,151
870,229
904,590
416,930
890,778
97,649
122,469
558,309
12,752
501,404
452,39
713,367
875,839
686,537
224,654
803,730
41,751
65,818
153,740
513,324
364,270
76,765
836,631
53,173
149,164
798,58
373,219
204,600
661,362
156,251
150,708
649,913
62,793
960,175
345,752
97,1
222,546
874,249
47,863
883,327
729,829
464,704
688,266
190,696
9,566
915,539
88,181
932,871
185,320
986,834
83,887
656,157
386,895
92,83
839,496
551,443
27,542
563,81
280,292
682,611
340,940
811,729
639,54
325,358
530,520
708,917
700,384
158,614
253,35
728,64
51,29
610,186
721,309
185,429
35,843
35,432
888,742
256,439
259,698
394,704
31,699
450,408
712,154
870,662
507,463
931,841
189,10
557,40
916,699
343,469
579,699
49,556
674,829
304,908
906,968
118,684
761,355
805,318
71,758
326,413
216,80
859,996
944,697
713,889
675,140
466,126
66,477
656,226
983,960
554,479
766,152
873,495
899,124
334,847
406,739
211,91
123,7
296,547
910,339
648,917
909,463
532,114
33,945
764,783
424,322
725,604
449,883
761,438
882,534
553,54
87,315
949,387
645,112
931,795
906,161
248,838
483,733
559,986
595,406
646,602
402,299
9,433
923,278
504,227
962,676
789,390
215,409
788,211
448,413
751,295
580,430
252,683
113,143
90,751
395,927
472,223
424,726
341,218
103,99
779,925
667,54
802,859
828,659
257,615
644,334
3,289
973,196
997,874
723,553
143,794
83,505
242,108
362,970
338,507
428,703
552,413
420,72
493,79
582,225
828,832
122,392
18,227
347,932
490,543
874,162
592,874
786,237
687,808
32,796
25,136
151,21
480,576
510,83
324,426
515,236
349,428
507,930
159,261
869,555
430,186
455,470
383,925
56,720
371,676
973,955
137,662
951,430
441,196
1,622
78,919
300,48
910,2
916,889
951,48
816,523
859,594
294,840
26,747
729,757
267,51
195,957
682,900
433,924
696,436
52,944
914,55
758,723
180,231
663,711
185,814
574,207
76,873
964,257
172,77
882,901
448,752
671,911
839,455
489,389
707,874
804,227
642,687
111,164
548,210
814,893
542,397
266,867
127,690
389,189
225,886
847,279
47,729
894,156
539,108
246,561
342,694
853,699
307,858
909,423
677,748
147,672
825,42
949,154
423,836
528,641
83,625
30,900
760,477
479,558
49,63
129,60
668,62
731,765
429,443
539,101
146,46
959,773
350,370
253,390
299,453
824,33
196,640
747,511
809,513
192,962
777,275
757,544
816,391
69,95
659,935
199,859
728,61
632,994
468,495
453,29
280,370
557,847
394,208
894,439
439,701
103,519
446,530
258,53
437,685
190,931
370,499
743,72
340,331
257,995
572,431
162,372
519,721
560,218
446,415
883,942
111,213
842,370
691,964
506,523
299,47
762,628
253,278
140,610
886,421
74,698
913,773
145,10
415,393
417,702
571,949
645,424
304,332
45,848
88,345
603,644
858,406
929,554
458,891
772,65
561,257
794,450
632,111
677,744
892,583
921,935
744,389
504,443
383,7
794,765
791,202
797,716
166,130
386,571
849,15
505,199
734,565
551,558
834,533
139,55
877,818
783,576
435,733
854,866
741,249
116,856
418,653
350,899
843,156
366,739
818,582
96,846
541,702
809,367
301,948
355,287
342,546
629,501
773,837
916,13
169,252
370,239
240,65
205,337
517,838
372,928
451,380
292,687
594,563
294,192
404,930
956,647
844,306
319,203
837,209
900,194
530,555
169,607
99,409
665,120
952,936
330,936
556,10
574,743
272,802
647,230
760,61
5,257
62,166
690,661
842,222
348,819
437,965
82,410
637,892
7,16
184,674
929,530
458,467
787,518
783,222
273,784
969,314
275,636
981,402
703,695
300,679
199,899
826,176
61,541
594,146
54,387
50,655
810,658
423,366
45,285
654,203
770,995
939,433
437,662
688,344
449,922
964,74
863,734
141,789
746,707
203,535
307,473
183,234
551,570
857,464
606,482
247,996
108,841
127,627
528,473
31,911
952,70
36,277
462,792
558,940
607,192
606,355
87,720
942,747
262,535
377,896
935,211
803,441
837,475
280,201
751,186
752,894
672,577
58,839
0,554
732,291
344,566
708,932
839,234
310,690
624,753
496,398
451,540
776,707
905,640
507,700
52,18
736,12
506,77
931,543
654,495
443,452
120,834
705,544
973,270
974,929
206,107
943,967
626,350
603,363
933,238
419,890
822,778
941,580
447,818
336,248
585,723
669,626
77,440
184,643
946,191
310,124
575,234
636,393
654,123
959,802
875,720
88,456
129,522
775,256
969,603
121,828
864,931
777,778
414,192
205,27
606,570
78,972
284,696
184,259
687,115
555,28
559,280
356,466
38,737
457,989
203,552
57,567
854,985
742,320
41,134
828,877
356,533
978,630
318,604
813,58
625,674
61,826
936,971
517,73
712,28
964,822
394,420
14,374
14,154
240,728
813,735
971,250
283,735
423,883
409,626
882,559
454,983
500,724
44,237
707,603
729,714
232,32
84,207
28,449
557,60
954,283
384,357
329,919
785,208
104,601
314,71
710,302
22,816
200,221
139,44
327,625
312,184
143,522
746,803
957,616
376,355
620,650
673,57
166,999
411,476
870,572
980,984
661,605
415,967
567,383
568,257
514,662
13,165
480,458
761,315
219,449
315,807
30,622
429,345
477,606
320,435
52,478
71,408
483,406
618,293
402,500
977,546
190,306
756,219
932,683
968,96
858,263
466,256
717,142
832,30
981,82
701,697
568,268
116,614
306,367
671,328
128,315
199,768
816,58
123,98
846,28
69,985
672,926
69,883
530,425
789,19
183,327
705,939
210,279
46,277
410,97
994,661
344,444
248,792
495,989
690,667
198,860
933,675
405,606
525,350
740,720
390,698
718,735
890,923
796,592
504,798
300,364
892,490
238,225
235,308
967,927
184,620
450,403
254,632
840,796
725,837
721,817
78,974
165,518
736,770
306,802
501,80
149,88
769,756
469,358
907,275
631,847
69,533
695,11
397,482
781,710
674,283
910,334
301,74
575,378
457,890
747,166
815,135
727,190
36,644
147,251
295,218
746,677
623,673
127,861
791,129
198,682
335,418
50,194
596,145
625,971
29,314
470,812
156,846
843,881
629,616
850,212
999,911
386,336
24,854
304,927
328,918
108,676
440,296
209,689
589,452
712,600
423,314
240,306
599,131
365,263
909,122
717,98
496,234
555,797
332,234
1,502
998,312
875,556
652,23
426,813
55,155
283,448
766,839
205,329
425,211
793,70
655,931
58,839
855,36
947,253
443,857
427,274
469,331
477,52
376,681
9,991
824,951
689,320
4,912
890,556
357,356
551,830
445,944
123,374
696,265
414,434
638,262
162,512
488,747
908,326
77,986
709,332
288,363
211,715
62,506
90,908
253,690
991,610
69,902
988,287
377,259
462,115
638,281
780,351
907,767
430,522
48,739
172,120
391,76
186,181
544,859
264,89
281,944
117,480
934,100
951,670
875,636
250,28
776,492
7,770
732,708
828,573
77,580
286,113
841,873
64,987
947,661
701,902
918,24
672,674
354,486
73,478
199,387
750,210
458,838
479,827
565,864
822,9
561,806
603,115
577,274
120,174
695,602
421,666
764,501
238,130
852,30
262,881
833,356
922,60
532,906
831,941
88,361
739,883
58,891
250,779
392,602
480,904
694,21
384,919
348,949
291,407
226,761
459,449
436,67
23,563
653,262
892,426
799,379
750,437
815,961
445,790
857,141
93,83
982,931
94,302
689,424
312,266
799,570
211,739
289,670
898,284
24,247
47,634
320,619
687,22
789,678
331,866
325,145
561,611
831,517
907,890
557,13
656,810
687,650
1,963
500,616
378,367
772,562
797,755
862,919
670,663
539,58
558,177
77,169
813,250
480,38
539,108
768,149
616,20
641,436
802,543
607,261
622,747
703,706
265,837
990,635
204,482
214,321
855,780
466,190
719,363
793,953
468,145
831,742
130,276
386,149
512,463
238,840
263,906
618,747
105,384
26,272
458,827
732,47
520,435
562,341
680,890
74,107
684,398
251,23
456,838
96,321
892,521
181,305
356,601
214,27
79,570
866,283
626,389
338,445
799,341
960,721
494,960
356,425
75,990
736,612
547,871
859,141
608,102
430,147
540,198
405,408
914,286
744,624
59,82
621,445
669,388
954,777
766,724
912,673
604,217
980,132
20,657
934,31
787,647
468,852
605,313
852,601
935,306
227,690
326,453
245,598
710,938
210,969
420,411
371,454
712,407
196,281
599,952
115,988
424,35
527,340
44,232
57,638
285,547
551,841
895,751
56,941
557,105
586,710
279,926
898,749
91,313
179,809
982,532
800,241
572,538
34,937
759,289
756,574
772,348
145,517
282,10
871,902
466,859
448,529
114,839
718,786
789,300
401,579
456,887
903,566
550,900
365,292
759,867
733,359
304,278
484,594
934,285
476,334
297,494
461,766
140,174
345,201
109,60
486,306
642,247
793,747
192,442
521,292
374,90
844,283
829,688
788,945
749,18
948,731
345,850
177,405
399,157
145,557
116,496
5,126
290,760
421,164
736,489
452,217
446,25
965,67
446,161
465,125
721,999
847,378
397,323
347,108
768,315
971,707
513,155
680,371
191,197
97,767
655,701
733,893
32,245
681,271
543,699
779,693
484,645
937,314
445,920
348,783
663,690
602,18
969,294
749,658
745,572
833,288
774,503
996,361
332,17
69,924
786,429
924,91
653,88
738,994
692,718
907,677
952,174
119,16
498,610
191,731
691,525
776,38
941,907
648,805
203,972
460,331
830,402
572,466
261,736
316,858
441,124
404,978
771,719
548,437
476,788
669,696
838,335
46,38
321,676
837,463
616,15
363,276
180,18
609,87
300,762
32,943
486,593
990,668
592,214
277,492
410,335
481,453
415,852
236,378
301,985
397,626
799,906
833,854
225,850
852,915
230,832
56,254
828,321
386,876
740,793
982,198
881,46
435,512
71,227
676,859
595,752
583,202
352,95
851,841
773,164
625,425
673,878
440,713
966,648
87,886
567,71
103,103
256,629
584,949
634,419
936,542
978,749
451,521
525,219
206,570
345,555
437,435
692,881
49,21
908,869
644,365
289,57
712,843
51,942
991,820
274,170
327,919
771,38
119,308
382,52
735,287
317,936
126,268
980,998
473,138
79,381
122,557
977,39
89,381
253,661
849,611
717,717
469,714
32,411
681,597
963,652
538,125
747,867
74,303
320,440
25,157
594,408
378,693
578,838
282,364
901,802
552,341
327,618
639,884
722,314
121,646
613,172
639,704
436,843
294,415
964,28
965,810
496,857
138,606
231,50
703,85
858,963
863,873
182,615
563,877
296,84
164,897
61,942
3,506
438,875
669,756
727,463
817,578
730,494
220,845
553,884
995,138
657,191
111,352
256,8
676,740
719,430
999,909
357,382
794,624
121,790
578,466
705,731
820,574
989,373
868,23
33,845
127,273
743,557
597,393
338,40
378,9
7,841
270,239
254,673
183,731
887,2
136,517
21,693
231,118
866,872
765,254
137,271
98,361
151,784
604,89
907,113
156,688
410,879
210,378
313,685
198,263
991,747
933,285
348,271
728,542
300,551
687,717
52,137
36,248
736,63
925,464
325,246
374,463
264,169
28,395
91,870
387,886
247,365
127,251
229,759
195,675
869,431
515,564
178,362
227,88
545,114
499,522
928,845
426,707
199,142
750,887
786,845
143,713
432,500
893,644
771,626
956,374
53,291
114,159
446,789
171,36
255,770
935,139
376,447
870,971
736,343
96,246
429,279
866,751
380,345
580,318
849,925
457,935
539,33
215,295
478,862
797,124
167,314
664,216
503,324
304,789
840,44
663,312
874,616
801,894
321,854
222,713
544,136
531,971
78,849
694,256
90,192
319,2
993,75
950,264
825,312
765,42
298,481
604,994
635,189
350,608
226,381
151,562
532,282
381,82
219,323
543,146
329,524
409,159
226,609
828,10
291,383
148,385
467,594
597,4
499,999
818,926
941,871
617,692
839,726
958,79
866,144
987,524
392,468
108,899
346,642
627,786
194,716
181,810
864,945
413,793
108,878
324,303
978,209
170,926
255,748
338,124
858,3
599,337
741,272
706,125
730,843
341,835
302,660
183,242
931,41
516,21
711,738
316,598
453,858
518,229
836,657
76,232
734,600
920,569
273,118
455,770
442,84
221,868
557,78
972,349
399,778
549,191
307,9
234,638
703,757
901,603
425,380
708,995
763,788
83,385
898,72
443,595
512,152
457,930
124,332
22,434
229,602
342,97
218,949
219,107
322,726
170,94
428,243
252,472
243,306
990,395
917,786
480,372
661,303
546,860
812,817
989,926
919,705
971,950
72,437
43,89
248,447
328,437
934,297
762,96
782,742
394,232
54,253
934,489
77,32
118,556
867,584
152,363
696,853
13,228
447,91
587,2
512,529
102,362
451,416
756,31
448,364
651,931
863,746
250,767
835,331
686,110
215,180
772,210
931,212
907,623
457,269
805,909
715,980
507,837
786,238
38,470
612,532
521,695
326,177
430,639
723,0
296,8
607,304
198,165
106,478
21,2
773,946
938,796
318,748
836,258
932,252
792,350
13,824
700,540
356,491
795,328
6,230
266,781
686,24
171,711
671,685
747,178
506,782
933,951
938,713
137,994
152,314
703,547
97,288
75,796
970,26
36,483
322,152
682,543
306,109
314,5
660,824
419,525
474,26
55,653
368,458
557,769
128,645
443,770
742,269
424,609
156,397
231,751
145,762
473,87
865,363
340,785
972,506
800,701
260,689
75,113
971,925
252,650
248,909
670,918
746,519
804,271
947,68
378,619
802,269
297,818
806,942
481,45
425,14
542,203
374,844
154,498
896,670
39,406
529,876
360,469
465,462
572,766
457,586
254,707
235,114
466,245
248,751
253,340
276,653
643,972
342,632
792,981
972,142
260,504
68,318
291,967
685,997
740,715
5,936
490,661
675,772
726,492
727,659
25,197
493,246
208,758
993,481
987,10
117,844
128,813
511,477
363,162
250,942
777,784
487,965
914,542
476,376
898,445
426,112
537,861
662,891
964,250
202,51
421,911
268,899
204,355
275,796
746,837
163,755
234,685
577,792
52,607
621,134
715,682
330,305
889,11
476,535
162,158
659,337
727,507
998,953
427,861
841,142
34,804
149,10
837,893
435,344
166,625
454,190
465,639
928,30
223,367
127,395
797,861
746,616
931,523
942,933
670,63
838,91
887,857
216,141
555,273
421,934
276,890
140,326
575,637
572,320
426,864
317,245
408,37
894,76
441,262
920,47
520,64
537,824
915,17
147,160
950,630
687,824
149,198
636,612
595,706
453,60
797,251
897,656
975,634
273,927
523,672
688,859
947,66
611,126
179,619
40,814
290,581
739,643
655,748
679,135
14,888
613,492
234,205
833,603
259,192
509,67
996,773
669,831
275,996
61,153
247,19
820,885
978,626
32,522
291,863
178,756
171,692
978,905
607,708
788,508
249,68
340,607
904,422
960,924
679,64
544,673
825,64
392,671
794,995
60,78
700,641
710,428
227,197
391,752
465,57
374,786
987,429
998,864
708,698
700,760
17,678
291,717
289,524
143,626
896,371
828,123
200,769
594,22
31,310
318,250
867,49
957,89
306,313
344,89
65,319
49,181
317,98
591,468
710,333
682,310
472,798
811,184
715,540
828,126
511,392
8,354
676,967
454,549
363,3
599,613
825,192
892,237
847,741
222,450
765,994
944,497
736,59
274,196
662,140
694,180
782,280
901,29
410,567
266,553
970,568
656,279
412,525
991,63
171,133
527,919
561,215
647,675
247,667
802,690
952,308
592,208
553,323
761,57
363,532
452,833
650,978
311,882
960,110
484,921
565,974
997,466
29,682
619,230
758,21
126,486
187,88
144,98
599,991
102,345
725,771
818,39
345,571
678,141
796,328
930,442
99,5
66,698
906,698
227,643
291,274
422,574
558,961
261,806
427,758
121,977
954,368
739,206
86,827
414,690
472,317
287,838
922,890
60,111
813,142
883,134
61,743
154,556
987,708
117,2
300,479
681,513
628,681
241,703
314,813
830,19
476,854
870,123
978,467
504,596
344,687
964,287
921,215
950,384
160,108
878,421
989,583
830,392
108,503
750,92
410,863
342,241
31,830
830,676
465,359
130,224
412,29
346,730
634,609
171,46
184,800
1,665
408,246
224,930
726,464
20,888
444,890
287,764
514,392
962,804
983,151
634,72
826,673
655,355
900,546
309,945
315,234
728,499
257,500
596,736
341,217
421,540
922,845
188,559
857,541
103,965
663,161
936,829
216,858
1,119
131,464
68,251
202,561
900,710
197,912
256,772
830,210
945,702
458,972
282,512
463,806
760,776
857,654
478,250
941,459
677,132
625,157
555,825
828,992
182,740
413,119
41,322
123,201
602,108
826,712
683,374
826,981
593,736
135,220
490,757
503,914
122,132
36,133
456,128
817,620
883,374
452,822
308,183
313,917
343,781
270,380
377,495
708,53
517,422
28,506
274,362
353,656
174,363
244,141
339,814
882,493
883,392
744,548
154,68
432,879
93,924
491,479
483,318
674,23
363,552
715,326
718,345
712,713
170,743
394,202
679,261
430,500
450,791
709,656
348,70
630,931
623,869
646,332
969,200
134,598
575,197
221,445
281,782
84,591
162,613
713,939
852,723
810,860
586,781
644,272
170,441
979,641
600,266
40,134
168,754
503,443
998,249
379,479
134,989
69,987
565,800
595,457
872,260
319,423
282,391
405,718
296,156
967,287
105,770
947,703
831,929
918,629
622,802
641,531
616,563
831,316
137,368
284,16
273,64
419,29
409,4
264,645
309,552
321,172
791,343
222,790
12,15
589,930
500,617
807,416
466,540
995,275
977,872
372,162
263,490
761,671
97,510
193,453
612,803
119,960
609,941
879,144
979,818
741,451
633,747
384,641
457,528
47,318
787,2
183,130
679,699
718,199
349,655
247,776
504,744
466,751
554,126
174,850
575,948
262,903
27,781
442,203
516,418
608,352
946,648
137,639
766,510
858,764
145,283
932,35
463,516
880,646
292,791
231,482
787,580
195,291
928,742
815,228
735,686
577,581
947,114
138,841
997,709
15,730
74,48
441,535
956,309
582,960
438,737
801,685
275,432
472,505
578,300
317,450
678,15
898,247
234,212
335,712
429,278
101,727
976,164
853,712
194,646
551,61
230,934
693,701
74,630
929,499
431,590
566,674
905,37
221,889
453,868
92,512
846,616
504,831
459,253
121,826
801,812
286,981
60,162
584,879
772,342
745,580
792,355
391,459
319,138
817,960
753,340
15,219
939,927
756,538
841,879
997,363
706,685
198,339
492,12
249,675
242,860
50,253
231,561
764,291
968,501
231,126
523,145
15,57
312,958
410,597
794,778
315,651
758,122
468,179
811,447
708,633
394,653
2,751
50,845
669,557
257,271
659,147
20,200
433,189
777,753
173,609
377,673
960,737
557,565
800,891
479,498
358,690
950,111
840,733
897,458
120,679
380,131
325,445
251,13
742,496
676,190
291,949
289,837
969,216
841,310
23,882
602,890
746,989
738,697
141,760
888,764
616,991
999,871
722,152
609,142
221,39
604,435
478,380
124,239
508,986
192,484
259,392
196,527
871,351
237,581
359,511
145,782
23,906
680,646
103,668
174,770
176,283
626,269
243,320
622,642
556,995
403,227
405,584
424,893
443,131
846,251
118,467
596,178
125,921
101,566
618,972
54,110
573,777
136,801
259,961
35,533
319,619
617,662
887,492
184,121
484,86
999,326
705,200
797,523
70,754
559,707
122,292
237,20
913,378
635,816
342,879
624,977
329,351
998,219
426,817
468,585
919,596
532,826
465,613
236,294
200,889
840,515
218,351
61,588
78,5
886,346
652,79
222,420
109,346
410,114
217,480
893,520
539,691
694,884
734,724
379,620
182,337
833,90
906,575
185,228
326,115
859,955
783,748
284,566
389,774
608,345
899,654
362,94
450,771
292,363
691,269
437,989
250,858
157,937
615,40
321,268
46,44
999,216
67,295
910,120
157,33
434,876
275,851
425,615
557,401
726,415
80,984
328,684
401,390
896,152
163,606
362,864
977,212
405,986
483,336
157,568
653,786
928,564
564,303
386,789
190,202
243,965
403,873
551,188
101,847
957,621
500,586
621,51
436,781
661,948
470,557
66,754
829,334
265,769
99,136
91,59
99,361
315,587
693,836
334,617
374,35
221,536
365,807
309,957
419,533
883,975
610,584
421,660
170,850
794,757
804,134
199,128
198,427
75,382
996,781
590,750
289,903
784,825
247,125
283,452
932,485
29,8
778,520
729,220
65,475
330,165
407,872
171,255
12,278
40,590
210,221
721,57
942,605
212,71
237,110
368,671
388,995
198,139
756,869
651,910
705,826
348,667
538,705
553,329
873,57
257,982
291,211
237,248
975,215
291,438
490,994
358,426
242,386
657,709
258,715
923,379
568,638
455,315
728,802
354,629
509,118
317,925
701,476
249,346
243,650
661,148
577,867
739,453
132,168
500,76
398,370
765,275
658,918
711,235
130,286
311,889
771,618
883,910
604,30
331,63
980,448
322,286
810,202
894,516
5,958
876,979
359,521
31,858
969,790
731,135
159,601
66,727
775,108
738,612
981,505
795,315
323,32
769,359
427,107
606,231
758,803
125,280
828,530
716,58
252,366
60,944
147,266
326,841
38,465
881,622
572,27
414,359
185,878
433,888
740,890
871,764
697,107
979,820
619,606
404,839
76,146
336,70
483,987
0,40
150,575
503,540
430,485
65,698
429,621
402,861
520,859
750,895
850,794
467,648
559,229
502,602
570,515
913,650
530,730
747,378
633,595
492,332
680,637
672,461
723,383
931,443
592,112
801,53
175,370
539,383
892,978
919,58
113,139
323,752
442,915
190,986
11,165
409,162
39,155
455,161
263,98
726,388
886,174
584,111
491,80
589,222
909,733
797,861
792,616
496,621
210,713
234,141
576,747
659,890
577,91
5,879
657,985
752,327
503,476
525,367
580,206
964,863
359,440
328,812
332,683
942,975
644,360
134,883
53,482
301,381
286,800
317,60
619,379
692,439
671,273
330,484
410,494
783,992
645,776
878,336
415,630
800,425
206,518
242,472
295,818
965,306
83,487
520,129
119,535
461,746
485,474
217,439
229,840
388,613
318,247
523,603
45,335
918,227
604,841
975,742
78,241
559,825
138,931
301,482
816,180
258,378
990,836
206,566
885,247
550,996
463,491
984,501
503,775
616,186
171,944
116,821
793,896
812,335
213,608
201,789
154,986
636,466
206,687
658,806
948,720
690,968
935,264
799,969
794,91
697,531
711,116
93,149
789,569
848,639
171,695
812,153
305,808
467,659
842,697
77,158
95,5
461,263
392,349
350,699
801,844
503,515
816,65
199,236
444,581
690,92
363,265
404,537
978,62
204,822
431,803
312,688
33,194
529,737
223,430
299,159
981,250
113,442
323,934
739,966
542,900
0,859
226,99
368,48
98,438
906,440
362,20
738,951
468,73
764,430
615,108
105,442
554,705
990,509
449,98
988,52
78,864
595,813
776,34
663,407
793,320
98,712
245,455
388,252
104,101
844,35
891,79
23,310
266,611
281,221
581,192
621,441
437,653
995,223
781,367
479,713
373,273
487,342
934,633
265,84
210,655
101,796
652,332
901,646
364,535
209,295
230,264
538,109
26,665
908,660
229,534
192,639
855,927
755,12
97,65
60,530
638,722
698,503
758,582
725,578
273,382
744,5
999,172
167,639
104,665
139,356
535,414
431,473
129,419
331,850
490,334
573,127
191,584
893,218
567,208
15,787
967,107
23,639
697,603
268,243
551,977
33,920
928,145
207,535
119,448
513,950
187,915
549,677
122,281
818,756
848,606
512,659
191,660
832,593
340,707
653,745
345,150
173,863
417,587
340,524
240,859
239,539
388,700
702,803
381,787
719,144
289,245
497,547
18,591
810,553
103,507
232,496
275,935
699,57
721,549
735,392
751,549
583,58
794,140
42,779
619,860
547,622
472,825
28,316
455,677
801,718
552,230
566,735
874,685
898,817
305,263
155,469
731,507
825,371
952,34
188,836
43,141
634,449
309,760
97,161
866,87
683,850
602,344
230,231
127,958
309,770
714,253
169,224
870,743
704,476
933,652
353,176
525,868
182,882
27,784
803,853
140,626
985,759
172,426
179,618
833,855
811,95
358,299
291,215
978,852
213,284
562,888
77,934
126,857
12,151
715,594
907,756
387,369
717,104
196,891
624,621
457,530
51,354
449,796
851,905
230,175
787,52
392,935
21,838
931,98
992,469
463,434
836,827
813,789
575,395
464,982
160,216
653,803
779,557
30,867
262,557
46,147
272,143
323,918
576,285
156,629
53,337
806,360
731,855
480,460
892,529
925,405
355,268
760,371
643,469
558,576
840,646
867,144
195,792
479,920
732,898
546,755
713,260
426,892
902,664
594,212
673,6
898,680
927,822
37,391
746,738
807,306
369,806
479,224
289,37
440,516
381,98
821,106
82,364
433,367
299,435
469,553
391,994
788,72
564,350
402,41
916,249
657,770
537,856
965,360
844,683
334,353
472,825
144,861
255,356
148,599
358,943
67,927
386,142
671,603
81,928
411,18
296,489
947,286
386,534
166,205
510,825
388,813
147,577
358,945
535,645
199,80
445,155
940,440
737,209
540,184
150,781
441,658
181,263
810,784
739,319
818,81
261,165
399,52
379,109
425,55
685,845
311,627
696,825
414,24
485,796
402,484
689,32
513,780
864,239
631,742
956,976
193,800
662,570
645,982
358,833
909,769
198,844
572,11
442,772
748,372
149,30
403,382
1,533
708,118
941,684
869,922
160,900
606,543
50,791
946,663
866,377
853,361
774,56
303,679
469,902
798,549
271,869
355,148
788,764
823,909
137,693
949,772
1,851
488,67
234,370
78,907
845,612
223,381
865,653
312,99
569,841
771,933
658,260
39,742
475,588
547,771
333,297
328,790
441,215
535,838
770,564
963,317
126,333
286,471
192,309
335,611
609,488
140,5
551,585
128,301
785,466
696,907
481,225
634,404
918,919
149,924
864,389
299,235
590,394
408,535
832,233
343,521
723,836
541,326
780,336
503,234
728,803
571,158
15,563
71,757
220,806
255,323
954,18
970,689
127,937
895,213
255,776
762,390
925,408
58,385
640,29
922,25
308,96
648,161
8,512
52,499
608,761
509,384
31,577
300,604
422,904
244,421
813,766
616,528
321,517
184,400
537,217
495,548
588,75
734,831
625,876
506,81
204,242
749,354
823,89
120,501
581,8
223,519
205,315
422,725
607,722
922,71
385,758
423,57
283,35
10,878
690,407
623,779
733,41
41,33
614,130
726,749
954,685
428,263
977,659
93,700
730,955
361,434
179,241
172,223
78,478
534,801
245,357
582,88
998,745
165,638
157,885
819,253
44,111
88,687
180,646
702,1
727,858
510,889
351,920
232,608
934,921
768,625
98,58
363,398
40,4
24,3
528,747
576,38
237,414
583,35
954,361
652,261
403,921
820,962
249,579
744,527
263,421
526,810
536,182
920,366
440,581
919,257
76,31
593,350
475,67
210,176
829,726
260,112
516,269
262,2
292,380
803,424
352,225
561,885
337,895
323,997
354,799
439,793
648,119
184,835
879,458
146,68
350,718
747,739
352,749
235,706
686,383
447,811
153,502
991,513
77,473
374,139
986,258
206,962
615,857
762,719
135,155
555,400
360,841
171,352
825,632
46,538
586,141
320,115
909,759
26,444
163,293
67,324
578,135
731,520
826,192
190,658
768,729
782,806
696,198
493,526
613,597
224,629
493,457
490,421
399,954
575,195
320,735
731,277
788,125
693,172
57,375
410,409
671,145
222,367
145,413
888,89
711,478
151,139
822,600
2,602
530,360
565,6
96,446
264,818
560,20
54,167
924,584
635,203
128,249
179,670
233,853
573,940
47,373
534,111
973,10
526,371
888,695
504,102
866,491
952,130
219,142
613,656
892,756
651,748
407,442
726,335
311,967
150,512
360,369
805,500
664,292
509,642
820,451
815,801
234,397
753,503
869,83
868,861
145,675
362,250
916,833
499,770
709,766
32,890
51,807
589,438
494,283
133,854
481,94
312,881
803,410
628,909
736,895
835,299
339,915
851,310
380,231
590,753
738,768
883,812
78,481
991,361
304,406
913,366
862,301
449,917
562,137
79,827
825,312
730,714
282,321
91,415
191,464
181,662
586,32
319,125
27,775
266,802
393,378
433,815
301,212
656,525
832,907
194,149
11,714
339,629
604,366
579,644
858,263
515,796
355,364
446,743
35,587
934,819
830,703
41,489
772,62
561,539
296,657
766,328
145,808
44,444
856,982
750,535
443,750
304,880
312,441
754,627
158,796
227,490
730,28
942,121
691,374
282,799
896,998
524,110
843,196
976,627
849,399
238,667
591,418
225,162
624,487
945,799
948,72
594,485
737,989
142,966
88,981
996,295
17,905
562,116
754,36
708,99
959,262
822,494
764,427
769,187
284,357
989,155
17,19
877,997
802,993
929,546
952,723
393,883
242,271
846,399
277,961
282,149
838,397
926,587
556,852
627,294
550,165
155,636
629,196
966,986
943,199
9,894
590,818
30,75
732,425
215,308
748,306
348,936
20,771
532,811
678,212
449,691
907,79
817,908
207,313
853,701
289,361
902,348
745,197
596,736
941,312
974,352
754,377
377,442
110,324
848,782
575,548
501,556
448,81
134,671
603,320
719,393
205,50
139,300
617,341
463,543
931,73
370,527
964,292
262,120
136,592
368,714
361,134
890,9
135,728
72,382
628,207
474,499
852,868
335,610
418,5
573,720
113,94
539,437
561,301
382,189
956,116
469,776
457,152
825,80
654,100
676,947
911,940
106,421
868,687
504,471
216,413
105,646
975,804
454,820
226,175
911,148
137,967
845,680
347,38
302,822
473,974
926,697
50,431
76,309
797,649
909,507
979,844
580,369
700,954
80,697
915,649
174,840
638,372
803,313
99,444
103,78
644,208
247,16
34,92
997,995
748,386
462,657
553,53
283,339
675,45
996,504
892,393
388,365
350,109
685,537
738,635
740,122
851,452
414,115
768,402
758,706
397,16
772,269
101,53
231,996
653,408
933,87
311,896
656,935
470,636
813,805
624,471
74,515
366,439
522,76
589,210
941,449
268,477
454,841
658,138
447,736
313,320
572,623
685,758
667,796
281,761
40,477
450,387
379,340
306,362
511,652
643,312
34,968
733,722
692,880
412,121
909,932
551,41
678,688
848,402
482,10
449,19
199,683
192,146
516,65
263,971
512,122
550,446
849,201
323,824
603,724
260,849
64,554
921,518
6,616
911,221
191,893
100,949
987,124
900,304
475,454
799,532
5,928
821,718
326,723
838,181
687,834
69,356
825,227
471,557
315,279
511,941
416,819
944,797
990,519
76,318
18,672
124,481
822,322
249,964
545,452
121,822
438,967
950,340
135,681
690,852
381,945
891,681
999,718
826,739
894,280
342,46
805,891
702,217
677,270
98,927
731,449
333,752
893,92
319,23
844,826
119,774
127,964
480,847
712,547
618,425
77,836
641,888
537,935
280,458
117,585
627,7
558,195
95,581
387,199
72,52
442,14
167,536
841,310
21,699
325,783
361,241
375,309
568,607
246,350
783,863
474,627
399,524
376,18
13,534
184,940
608,780
577,723
277,58
928,44
807,340
464,763
248,776
253,64
286,838
200,861
396,755
72,241
46,856
314,30
575,645
237,705
664,651
139,137
792,397
42,251
137,818
91,503
94,82
628,851
533,482
465,148
497,31
871,137
773,510
937,826
885,500
758,212
672,808
98,807
142,909
726,588
106,517
84,269
972,733
851,623
844,597
244,318
37,101
387,797
78,471
297,262
601,11
572,660
80,126
522,600
184,949
833,172
233,246
511,832
121,485
408,978
854,383
549,269
957,994
779,441
901,949
444,281
209,565
335,10
425,199
338,153
990,130
602,724
395,501
266,248
733,525
872,985
625,402
921,410
848,284
925,299
969,491
251,187
285,280
797,490
209,510
584,976
621,896
621,986
113,294
334,803
139,923
14,766
369,352
771,520
264,170
31,717
430,436
152,331
905,354
500,6
412,819
904,142
800,40
879,799
201,107
165,305
69,21
81,811
756,163
981,601
715,265
254,81
544,271
583,692
176,876
116,342
504,829
98,373
289,154
625,932
14,231
402,363
349,519
473,814
173,82
903,220
590,524
131,760
543,776
654,231
724,269
94,883
261,161
30,946
63,680
787,556
390,904
536,81
216,721
697,384
154,367
15,835
809,426
510,264
121,498
938,940
583,949
469,582
162,62
395,230
824,797
444,698
940,422
954,595
31,803
788,783
725,753
302,101
60,522
129,990
835,250
369,459
45,404
209,730
260,8
133,967
286,676
543,758
106,167
930,184
704,708
988,854
570,943
288,375
811,313
918,182
868,54
822,983
259,986
337,147
169,794
798,471
666,784
552,690
288,12
918,382
78,6
447,296
645,375
697,238
579,85
233,389
242,108
88,596
270,571
551,69
349,643
642,582
846,713
206,234
669,419
149,579
775,792
814,214
868,79
851,212
583,943
760,341
800,206
211,866
133,944
546,715
30,925
589,413
266,900
364,147
495,385
209,297
318,274
799,451
91,484
786,125
66,311
903,52
669,940
808,633
105,23
761,355
483,415
441,835
85,954
868,529
18,901
285,329
342,747
479,407
198,732
869,633
336,797
59,200
845,803
70,62
486,973
267,10
242,701
45,265
589,126
727,894
788,536
33,907
988,208
425,493
652,506
264,229
624,990
84,427
239,132
572,357
966,3
368,478
988,705
715,533
425,932
208,371
470,210
244,937
57,11
794,460
778,188
690,276
137,508
694,520
777,531
130,379
524,417
760,929
928,828
312,713
577,820
662,785
994,352
179,984
18,633
272,363
264,595
172,513
394,244
883,785
474,929
204,452
249,859
248,271
895,525
105,85
753,547
769,409
578,524
687,346
818,973
878,22
833,703
314,860
34,915
699,927
408,348
25,474
592,198
265,401
89,140
155,293
14,29
384,703
816,14
607,586
954,405
659,320
737,211
773,573
376,215
20,140
158,81
497,510
710,996
67,382
721,737
824,984
626,418
329,784
774,24
391,32
644,487
462,254
641,482
813,432
789,686
504,17
246,932
239,349
348,880
638,430
28,72
49,87
547,697
4,409
728,219
749,378
309,48
278,746
977,788
935,630
73,947
874,258
796,363
843,821
492,585
76,335
516,92
46,184
420,958
729,634
895,693
217,722
438,417
501,291
916,647
633,14
605,985
322,7
384,456
